"page_url","asset_type","source_url","alt_text","local_path","http_status","migration_stage","qa_status","owner_decision_status","notes"
"https://www.40daysofholiness.com/","IMAGE","https://static.wixstatic.com/media/nsplsh_fd30380e11e14517b2d562dcba417400~mv2.jpg/v1/fill/w_288,h_216,al_c,q_80,usm_0.66_1.00_0.01,blur_2,enc_avif,quality_auto/nsplsh_fd30380e11e14517b2d562dcba417400~mv2.jpg","","assets/images/nsplsh_fd30380e11e14517b2d562dcba417400~mv2.jpg","200","ASSETS_CAPTURED","NOT_TESTED","PENDING_OWNER_REVIEW",""
"https://www.40daysofholiness.com/","IMAGE","https://static.wixstatic.com/media/3d5cce_d2489693f074449ab074d1c583395a62~mv2.png/v1/fill/w_601,h_339,al_c,q_85,usm_0.66_1.00_0.01,enc_avif,quality_auto/40%20Days%20of%20Holiness%20Package%20mockup%20-%20smaller.png","40 Days of Holiness Package mockup - smaller.png","assets/images/3d5cce_d2489693f074449ab074d1c583395a62~mv2.png","200","ASSETS_CAPTURED","NOT_TESTED","PENDING_OWNER_REVIEW",""
"https://www.40daysofholiness.com/","IMAGE","https://static.wixstatic.com/media/3d5cce_b84f990e27654d14b47285c31d5bfeff~mv2.jpg/v1/fill/w_300,h_226,al_c,q_80,usm_0.66_1.00_0.01,enc_avif,quality_auto/40%20Days%20of%20Holiness%20Book%20Cover.jpg","40 Days of Holiness Book Cover.jpg","assets/images/3d5cce_b84f990e27654d14b47285c31d5bfeff~mv2.jpg","200","ASSETS_CAPTURED","NOT_TESTED","PENDING_OWNER_REVIEW",""
"https://www.40daysofholiness.com/","IMAGE","https://static.wixstatic.com/media/3d5cce_22880daed587480aad88c17aa68dffb9~mv2.png/v1/fill/w_300,h_226,al_c,q_85,usm_0.66_1.00_0.01,enc_avif,quality_auto/Pursung%20Holiness.png","Pursung Holiness.png","assets/images/3d5cce_22880daed587480aad88c17aa68dffb9~mv2.png","200","ASSETS_CAPTURED","NOT_TESTED","PENDING_OWNER_REVIEW",""
"https://www.40daysofholiness.com/","IMAGE","https://static.wixstatic.com/media/3d5cce_05be6c83d61f45859956260b9e99edbe~mv2.jpg/v1/fill/w_300,h_226,al_c,q_80,usm_0.66_1.00_0.01,enc_avif,quality_auto/sinful%20nature.jpg","sinful nature.jpg","assets/images/3d5cce_05be6c83d61f45859956260b9e99edbe~mv2.jpg","200","ASSETS_CAPTURED","NOT_TESTED","PENDING_OWNER_REVIEW",""
"https://www.40daysofholiness.com/","IMAGE","https://static.wixstatic.com/media/1844e63f2ea441578a1cb71efea3fb1f.jpg/v1/fill/w_147,h_98,al_c,q_80,usm_0.66_1.00_0.01,blur_2,enc_avif,quality_auto/1844e63f2ea441578a1cb71efea3fb1f.jpg","Woman with Bible","assets/images/1844e63f2ea441578a1cb71efea3fb1f.jpg","200","ASSETS_CAPTURED","NOT_TESTED","PENDING_OWNER_REVIEW","Delivery copy uses the existing public Wix optimized rendition because the original exceeded 5 MB."
"https://www.40daysofholiness.com/","IMAGE","https://static.wixstatic.com/media/3d5cce_b84f990e27654d14b47285c31d5bfeff~mv2.jpg/v1/fill/w_456,h_455,fp_0.61_0.26,q_90,enc_avif,quality_auto/3d5cce_b84f990e27654d14b47285c31d5bfeff~mv2.jpg","","assets/images/3d5cce_b84f990e27654d14b47285c31d5bfeff~mv2.jpg","200","ASSETS_CAPTURED","NOT_TESTED","PENDING_OWNER_REVIEW",""
"https://www.40daysofholiness.com/","IMAGE","https://static.wixstatic.com/media/3d5cce_e54f2219a2d3428e9b974a3e15084902~mv2.png/v1/fill/w_455,h_455,q_90,enc_avif,quality_auto/3d5cce_e54f2219a2d3428e9b974a3e15084902~mv2.png","","assets/images/3d5cce_e54f2219a2d3428e9b974a3e15084902~mv2.png","200","ASSETS_CAPTURED","NOT_TESTED","PENDING_OWNER_REVIEW",""
"https://www.40daysofholiness.com/","IMAGE","https://static.wixstatic.com/media/3d5cce_2fdc483104984ef4ac055bec0fa8bac8~mv2.png/v1/fill/w_456,h_455,q_90,enc_avif,quality_auto/3d5cce_2fdc483104984ef4ac055bec0fa8bac8~mv2.png","","assets/images/3d5cce_2fdc483104984ef4ac055bec0fa8bac8~mv2.png","200","ASSETS_CAPTURED","NOT_TESTED","PENDING_OWNER_REVIEW",""
"https://www.40daysofholiness.com/","IMAGE","https://static.wixstatic.com/media/3d5cce_86c096eb3ede4da8a8031b9f280b5d9a~mv2.png/v1/fill/w_455,h_455,q_90,enc_avif,quality_auto/3d5cce_86c096eb3ede4da8a8031b9f280b5d9a~mv2.png","","assets/images/3d5cce_86c096eb3ede4da8a8031b9f280b5d9a~mv2.png","200","ASSETS_CAPTURED","NOT_TESTED","PENDING_OWNER_REVIEW",""
"https://www.40daysofholiness.com/","IMAGE","https://static.wixstatic.com/media/3d5cce_df9f5d2b4cb24903b777cc71ec79be98~mv2.png/v1/fill/w_456,h_455,fp_0.72_0.19,q_90,enc_avif,quality_auto/3d5cce_df9f5d2b4cb24903b777cc71ec79be98~mv2.png","","assets/images/3d5cce_df9f5d2b4cb24903b777cc71ec79be98~mv2.png","200","ASSETS_CAPTURED","NOT_TESTED","PENDING_OWNER_REVIEW",""
"https://www.40daysofholiness.com/","IMAGE","https://static.wixstatic.com/media/3d5cce_752c9d77baf6423fb16d7777036842ec~mv2.png/v1/fill/w_455,h_455,q_90,enc_avif,quality_auto/3d5cce_752c9d77baf6423fb16d7777036842ec~mv2.png","","assets/images/3d5cce_752c9d77baf6423fb16d7777036842ec~mv2.png","200","ASSETS_CAPTURED","NOT_TESTED","PENDING_OWNER_REVIEW",""
"https://www.40daysofholiness.com/","IMAGE","https://static.wixstatic.com/media/3d5cce_22880daed587480aad88c17aa68dffb9~mv2.png/v1/fill/w_147,h_132,al_c,q_85,usm_0.66_1.00_0.01,enc_avif,quality_auto/3d5cce_22880daed587480aad88c17aa68dffb9~mv2.png","","assets/images/3d5cce_22880daed587480aad88c17aa68dffb9~mv2.png","200","ASSETS_CAPTURED","NOT_TESTED","PENDING_OWNER_REVIEW",""
"https://www.40daysofholiness.com/","IMAGE","https://static.wixstatic.com/media/c19c76_82f231993a674b1896b44089efb147fc.png/v1/fill/w_147,h_147,al_c,lg_1,q_85,enc_avif,quality_auto/c19c76_82f231993a674b1896b44089efb147fc.png","","assets/images/c19c76_82f231993a674b1896b44089efb147fc.png","200","ASSETS_CAPTURED","NOT_TESTED","PENDING_OWNER_REVIEW",""
"https://www.40daysofholiness.com/","IMAGE","https://static.wixstatic.com/media/c19c76_82f231993a674b1896b44089efb147fc.png/v1/fill/w_147,h_147,al_c,lg_1,q_85,enc_avif,quality_auto/c19c76_82f231993a674b1896b44089efb147fc.png","","assets/images/c19c76_82f231993a674b1896b44089efb147fc.png","200","ASSETS_CAPTURED","NOT_TESTED","PENDING_OWNER_REVIEW",""
"https://www.40daysofholiness.com/","IMAGE","https://static.wixstatic.com/media/3d5cce_c56850d9e162405192813413875bac8b~mv2.png/v1/fill/w_159,h_80,al_c,q_85,usm_0.66_1.00_0.01,enc_avif,quality_auto/3d5cce_c56850d9e162405192813413875bac8b~mv2.png","","assets/images/3d5cce_c56850d9e162405192813413875bac8b~mv2.png","200","ASSETS_CAPTURED","NOT_TESTED","PENDING_OWNER_REVIEW",""
"https://www.40daysofholiness.com/","IMAGE","https://static.wixstatic.com/media/c19c76_75bd6ff08bc54e11a0bb3b681f80e249.png/v1/fill/w_147,h_147,al_c,lg_1,q_85,enc_avif,quality_auto/c19c76_75bd6ff08bc54e11a0bb3b681f80e249.png","","assets/images/c19c76_75bd6ff08bc54e11a0bb3b681f80e249.png","200","ASSETS_CAPTURED","NOT_TESTED","PENDING_OWNER_REVIEW",""
"https://www.40daysofholiness.com/","IMAGE","https://static.wixstatic.com/media/c19c76_75bd6ff08bc54e11a0bb3b681f80e249.png/v1/fill/w_147,h_147,al_c,lg_1,q_85,enc_avif,quality_auto/c19c76_75bd6ff08bc54e11a0bb3b681f80e249.png","","assets/images/c19c76_75bd6ff08bc54e11a0bb3b681f80e249.png","200","ASSETS_CAPTURED","NOT_TESTED","PENDING_OWNER_REVIEW",""
"https://www.40daysofholiness.com/","IMAGE","https://static.wixstatic.com/media/3d5cce_be259097bafd44b9a0b69bb0fbffdd47~mv2.jpg/v1/fill/w_146,h_95,al_c,q_80,usm_0.66_1.00_0.01,enc_avif,quality_auto/3d5cce_be259097bafd44b9a0b69bb0fbffdd47~mv2.jpg","","assets/images/3d5cce_be259097bafd44b9a0b69bb0fbffdd47~mv2.jpg","200","ASSETS_CAPTURED","NOT_TESTED","PENDING_OWNER_REVIEW",""
"https://www.40daysofholiness.com/","IMAGE","https://static.wixstatic.com/media/c19c76_cf4a17b1cf394757aa44ab9ba26df915.png/v1/fill/w_146,h_146,al_c,lg_1,q_85,enc_avif,quality_auto/c19c76_cf4a17b1cf394757aa44ab9ba26df915.png","","assets/images/c19c76_cf4a17b1cf394757aa44ab9ba26df915.png","200","ASSETS_CAPTURED","NOT_TESTED","PENDING_OWNER_REVIEW",""
"https://www.40daysofholiness.com/","IMAGE","https://static.wixstatic.com/media/c19c76_cf4a17b1cf394757aa44ab9ba26df915.png/v1/fill/w_146,h_146,al_c,lg_1,q_85,enc_avif,quality_auto/c19c76_cf4a17b1cf394757aa44ab9ba26df915.png","","assets/images/c19c76_cf4a17b1cf394757aa44ab9ba26df915.png","200","ASSETS_CAPTURED","NOT_TESTED","PENDING_OWNER_REVIEW",""
"https://www.40daysofholiness.com/","IMAGE","https://static.wixstatic.com/media/3d5cce_f46e6cacf9da461e9a76504b8f6d838c~mv2.jpg/v1/fill/w_147,h_85,al_c,q_80,usm_0.66_1.00_0.01,enc_avif,quality_auto/3d5cce_f46e6cacf9da461e9a76504b8f6d838c~mv2.jpg","","assets/images/3d5cce_f46e6cacf9da461e9a76504b8f6d838c~mv2.jpg","200","ASSETS_CAPTURED","NOT_TESTED","PENDING_OWNER_REVIEW",""
"https://www.40daysofholiness.com/","IMAGE","https://static.wixstatic.com/media/c19c76_1d51056e398947f2ad3677f37a94d0b9.png/v1/fill/w_147,h_147,al_c,lg_1,q_85,enc_avif,quality_auto/c19c76_1d51056e398947f2ad3677f37a94d0b9.png","","assets/images/c19c76_1d51056e398947f2ad3677f37a94d0b9.png","200","ASSETS_CAPTURED","NOT_TESTED","PENDING_OWNER_REVIEW",""
"https://www.40daysofholiness.com/","IMAGE","https://static.wixstatic.com/media/c19c76_1d51056e398947f2ad3677f37a94d0b9.png/v1/fill/w_147,h_147,al_c,lg_1,q_85,enc_avif,quality_auto/c19c76_1d51056e398947f2ad3677f37a94d0b9.png","","assets/images/c19c76_1d51056e398947f2ad3677f37a94d0b9.png","200","ASSETS_CAPTURED","NOT_TESTED","PENDING_OWNER_REVIEW",""
"https://www.40daysofholiness.com/","IMAGE","https://static.wixstatic.com/media/3d5cce_b29d3598ff8b4fbd87125080f8f94bbc~mv2.jpg/v1/fill/w_147,h_126,al_c,q_80,usm_0.66_1.00_0.01,enc_avif,quality_auto/3d5cce_b29d3598ff8b4fbd87125080f8f94bbc~mv2.jpg","","assets/images/3d5cce_b29d3598ff8b4fbd87125080f8f94bbc~mv2.jpg","200","ASSETS_CAPTURED","NOT_TESTED","PENDING_OWNER_REVIEW",""
"https://www.40daysofholiness.com/","IMAGE","https://static.wixstatic.com/media/c19c76_ba81a195b94a4f9facf9c5ffd28b7cd0.png/v1/fill/w_147,h_147,al_c,lg_1,q_85,enc_avif,quality_auto/c19c76_ba81a195b94a4f9facf9c5ffd28b7cd0.png","","assets/images/c19c76_ba81a195b94a4f9facf9c5ffd28b7cd0.png","200","ASSETS_CAPTURED","NOT_TESTED","PENDING_OWNER_REVIEW",""
"https://www.40daysofholiness.com/","IMAGE","https://static.wixstatic.com/media/c19c76_ba81a195b94a4f9facf9c5ffd28b7cd0.png/v1/fill/w_147,h_147,al_c,lg_1,q_85,enc_avif,quality_auto/c19c76_ba81a195b94a4f9facf9c5ffd28b7cd0.png","","assets/images/c19c76_ba81a195b94a4f9facf9c5ffd28b7cd0.png","200","ASSETS_CAPTURED","NOT_TESTED","PENDING_OWNER_REVIEW",""
"https://www.40daysofholiness.com/","IMAGE","https://static.wixstatic.com/media/c4950a168a9048a590a4a24b6be69e06.png/v1/fill/w_30,h_30,al_c,q_85,usm_0.66_1.00_0.01,enc_avif,quality_auto/c4950a168a9048a590a4a24b6be69e06.png","SoundCloud","assets/images/c4950a168a9048a590a4a24b6be69e06.png","200","ASSETS_CAPTURED","NOT_TESTED","PENDING_OWNER_REVIEW",""
"https://www.40daysofholiness.com/","IMAGE","https://static.wixstatic.com/media/48a2a42b19814efaa824450f23e8a253.png/v1/fill/w_30,h_30,al_c,q_85,usm_0.66_1.00_0.01,enc_avif,quality_auto/48a2a42b19814efaa824450f23e8a253.png","LinkedIn","assets/images/48a2a42b19814efaa824450f23e8a253.png","200","ASSETS_CAPTURED","NOT_TESTED","PENDING_OWNER_REVIEW",""
"https://www.40daysofholiness.com/","IMAGE","https://static.wixstatic.com/media/e316f544f9094143b9eac01f1f19e697.png/v1/fill/w_30,h_30,al_c,q_85,usm_0.66_1.00_0.01,enc_avif,quality_auto/e316f544f9094143b9eac01f1f19e697.png","Facebook","assets/images/e316f544f9094143b9eac01f1f19e697.png","200","ASSETS_CAPTURED","NOT_TESTED","PENDING_OWNER_REVIEW",""
"https://www.40daysofholiness.com/","IMAGE","https://static.wixstatic.com/media/44eb1e29ffa34198aee01e8d4f305903.png/v1/fill/w_30,h_30,al_c,q_85,usm_0.66_1.00_0.01,enc_avif,quality_auto/44eb1e29ffa34198aee01e8d4f305903.png","YouTube","assets/images/44eb1e29ffa34198aee01e8d4f305903.png","200","ASSETS_CAPTURED","NOT_TESTED","PENDING_OWNER_REVIEW",""
"https://www.40daysofholiness.com/","IMAGE","https://static.wixstatic.com/media/59687ffffc2042f885062ce2b0744381.png/v1/fill/w_30,h_30,al_c,q_85,usm_0.66_1.00_0.01,enc_avif,quality_auto/59687ffffc2042f885062ce2b0744381.png","Twitter","assets/images/59687ffffc2042f885062ce2b0744381.png","200","ASSETS_CAPTURED","NOT_TESTED","PENDING_OWNER_REVIEW",""
"https://www.40daysofholiness.com/blank","IMAGE","https://static.wixstatic.com/media/nsplsh_fd30380e11e14517b2d562dcba417400~mv2.jpg/v1/fill/w_288,h_216,al_c,q_80,usm_0.66_1.00_0.01,blur_2,enc_avif,quality_auto/nsplsh_fd30380e11e14517b2d562dcba417400~mv2.jpg","","assets/images/nsplsh_fd30380e11e14517b2d562dcba417400~mv2.jpg","200","ASSETS_CAPTURED","NOT_TESTED","PENDING_OWNER_REVIEW",""
"https://www.40daysofholiness.com/blank","IMAGE","https://static.wixstatic.com/media/c4950a168a9048a590a4a24b6be69e06.png/v1/fill/w_30,h_30,al_c,q_85,usm_0.66_1.00_0.01,enc_avif,quality_auto/c4950a168a9048a590a4a24b6be69e06.png","SoundCloud","assets/images/c4950a168a9048a590a4a24b6be69e06.png","200","ASSETS_CAPTURED","NOT_TESTED","PENDING_OWNER_REVIEW",""
"https://www.40daysofholiness.com/blank","IMAGE","https://static.wixstatic.com/media/48a2a42b19814efaa824450f23e8a253.png/v1/fill/w_30,h_30,al_c,q_85,usm_0.66_1.00_0.01,enc_avif,quality_auto/48a2a42b19814efaa824450f23e8a253.png","LinkedIn","assets/images/48a2a42b19814efaa824450f23e8a253.png","200","ASSETS_CAPTURED","NOT_TESTED","PENDING_OWNER_REVIEW",""
"https://www.40daysofholiness.com/blank","IMAGE","https://static.wixstatic.com/media/e316f544f9094143b9eac01f1f19e697.png/v1/fill/w_30,h_30,al_c,q_85,usm_0.66_1.00_0.01,enc_avif,quality_auto/e316f544f9094143b9eac01f1f19e697.png","Facebook","assets/images/e316f544f9094143b9eac01f1f19e697.png","200","ASSETS_CAPTURED","NOT_TESTED","PENDING_OWNER_REVIEW",""
"https://www.40daysofholiness.com/blank","IMAGE","https://static.wixstatic.com/media/44eb1e29ffa34198aee01e8d4f305903.png/v1/fill/w_30,h_30,al_c,q_85,usm_0.66_1.00_0.01,enc_avif,quality_auto/44eb1e29ffa34198aee01e8d4f305903.png","YouTube","assets/images/44eb1e29ffa34198aee01e8d4f305903.png","200","ASSETS_CAPTURED","NOT_TESTED","PENDING_OWNER_REVIEW",""
"https://www.40daysofholiness.com/blank","IMAGE","https://static.wixstatic.com/media/59687ffffc2042f885062ce2b0744381.png/v1/fill/w_30,h_30,al_c,q_85,usm_0.66_1.00_0.01,enc_avif,quality_auto/59687ffffc2042f885062ce2b0744381.png","Twitter","assets/images/59687ffffc2042f885062ce2b0744381.png","200","ASSETS_CAPTURED","NOT_TESTED","PENDING_OWNER_REVIEW",""
"https://www.40daysofholiness.com/blog","IMAGE","https://i.ytimg.com/vi/DvjpvnNqH_Y/maxresdefault.jpg","John Wesley’s Covenant Prayer","","NOT_CHECKED","DISCOVERED","NOT_TESTED","PENDING_OWNER_REVIEW",""
"https://www.40daysofholiness.com/blog","IMAGE","https://i.ytimg.com/vi/DvjpvnNqH_Y/maxresdefault.jpg","John Wesley’s Covenant Prayer","","NOT_CHECKED","DISCOVERED","NOT_TESTED","PENDING_OWNER_REVIEW",""
"https://www.40daysofholiness.com/blog","IMAGE","https://static.wixstatic.com/media/3d5cce_752c9d77baf6423fb16d7777036842ec~mv2.png/v1/fill/w_333,h_250,fp_0.50_0.50,q_35,blur_30,enc_avif,quality_auto/3d5cce_752c9d77baf6423fb16d7777036842ec~mv2.webp","What is the Holiness of God?","assets/images/3d5cce_752c9d77baf6423fb16d7777036842ec~mv2.png","200","ASSETS_CAPTURED","NOT_TESTED","PENDING_OWNER_REVIEW",""
"https://www.40daysofholiness.com/blog","IMAGE","https://static.wixstatic.com/media/3d5cce_752c9d77baf6423fb16d7777036842ec~mv2.png/v1/fill/w_454,h_341,fp_0.50_0.50,q_95,enc_avif,quality_auto/3d5cce_752c9d77baf6423fb16d7777036842ec~mv2.webp","What is the Holiness of God?","assets/images/3d5cce_752c9d77baf6423fb16d7777036842ec~mv2.png","200","ASSETS_CAPTURED","NOT_TESTED","PENDING_OWNER_REVIEW",""
"https://www.40daysofholiness.com/blog","IMAGE","https://static.wixstatic.com/media/c4950a168a9048a590a4a24b6be69e06.png/v1/fill/w_30,h_30,al_c,q_85,usm_0.66_1.00_0.01,enc_avif,quality_auto/c4950a168a9048a590a4a24b6be69e06.png","SoundCloud","assets/images/c4950a168a9048a590a4a24b6be69e06.png","200","ASSETS_CAPTURED","NOT_TESTED","PENDING_OWNER_REVIEW",""
"https://www.40daysofholiness.com/blog","IMAGE","https://static.wixstatic.com/media/48a2a42b19814efaa824450f23e8a253.png/v1/fill/w_30,h_30,al_c,q_85,usm_0.66_1.00_0.01,enc_avif,quality_auto/48a2a42b19814efaa824450f23e8a253.png","LinkedIn","assets/images/48a2a42b19814efaa824450f23e8a253.png","200","ASSETS_CAPTURED","NOT_TESTED","PENDING_OWNER_REVIEW",""
"https://www.40daysofholiness.com/blog","IMAGE","https://static.wixstatic.com/media/e316f544f9094143b9eac01f1f19e697.png/v1/fill/w_30,h_30,al_c,q_85,usm_0.66_1.00_0.01,enc_avif,quality_auto/e316f544f9094143b9eac01f1f19e697.png","Facebook","assets/images/e316f544f9094143b9eac01f1f19e697.png","200","ASSETS_CAPTURED","NOT_TESTED","PENDING_OWNER_REVIEW",""
"https://www.40daysofholiness.com/blog","IMAGE","https://static.wixstatic.com/media/44eb1e29ffa34198aee01e8d4f305903.png/v1/fill/w_30,h_30,al_c,q_85,usm_0.66_1.00_0.01,enc_avif,quality_auto/44eb1e29ffa34198aee01e8d4f305903.png","YouTube","assets/images/44eb1e29ffa34198aee01e8d4f305903.png","200","ASSETS_CAPTURED","NOT_TESTED","PENDING_OWNER_REVIEW",""
"https://www.40daysofholiness.com/blog","IMAGE","https://static.wixstatic.com/media/59687ffffc2042f885062ce2b0744381.png/v1/fill/w_30,h_30,al_c,q_85,usm_0.66_1.00_0.01,enc_avif,quality_auto/59687ffffc2042f885062ce2b0744381.png","Twitter","assets/images/59687ffffc2042f885062ce2b0744381.png","200","ASSETS_CAPTURED","NOT_TESTED","PENDING_OWNER_REVIEW",""
"https://www.40daysofholiness.com/congrats","IMAGE","https://static.wixstatic.com/media/c4950a168a9048a590a4a24b6be69e06.png/v1/fill/w_30,h_30,al_c,q_85,usm_0.66_1.00_0.01,enc_avif,quality_auto/c4950a168a9048a590a4a24b6be69e06.png","SoundCloud","assets/images/c4950a168a9048a590a4a24b6be69e06.png","200","ASSETS_CAPTURED","NOT_TESTED","PENDING_OWNER_REVIEW",""
"https://www.40daysofholiness.com/congrats","IMAGE","https://static.wixstatic.com/media/48a2a42b19814efaa824450f23e8a253.png/v1/fill/w_30,h_30,al_c,q_85,usm_0.66_1.00_0.01,enc_avif,quality_auto/48a2a42b19814efaa824450f23e8a253.png","LinkedIn","assets/images/48a2a42b19814efaa824450f23e8a253.png","200","ASSETS_CAPTURED","NOT_TESTED","PENDING_OWNER_REVIEW",""
"https://www.40daysofholiness.com/congrats","IMAGE","https://static.wixstatic.com/media/e316f544f9094143b9eac01f1f19e697.png/v1/fill/w_30,h_30,al_c,q_85,usm_0.66_1.00_0.01,enc_avif,quality_auto/e316f544f9094143b9eac01f1f19e697.png","Facebook","assets/images/e316f544f9094143b9eac01f1f19e697.png","200","ASSETS_CAPTURED","NOT_TESTED","PENDING_OWNER_REVIEW",""
"https://www.40daysofholiness.com/congrats","IMAGE","https://static.wixstatic.com/media/44eb1e29ffa34198aee01e8d4f305903.png/v1/fill/w_30,h_30,al_c,q_85,usm_0.66_1.00_0.01,enc_avif,quality_auto/44eb1e29ffa34198aee01e8d4f305903.png","YouTube","assets/images/44eb1e29ffa34198aee01e8d4f305903.png","200","ASSETS_CAPTURED","NOT_TESTED","PENDING_OWNER_REVIEW",""
"https://www.40daysofholiness.com/congrats","IMAGE","https://static.wixstatic.com/media/59687ffffc2042f885062ce2b0744381.png/v1/fill/w_30,h_30,al_c,q_85,usm_0.66_1.00_0.01,enc_avif,quality_auto/59687ffffc2042f885062ce2b0744381.png","Twitter","assets/images/59687ffffc2042f885062ce2b0744381.png","200","ASSETS_CAPTURED","NOT_TESTED","PENDING_OWNER_REVIEW",""
"https://www.40daysofholiness.com/day01","IMAGE","https://static.wixstatic.com/media/c4950a168a9048a590a4a24b6be69e06.png/v1/fill/w_30,h_30,al_c,q_85,usm_0.66_1.00_0.01,enc_avif,quality_auto/c4950a168a9048a590a4a24b6be69e06.png","SoundCloud","assets/images/c4950a168a9048a590a4a24b6be69e06.png","200","ASSETS_CAPTURED","NOT_TESTED","PENDING_OWNER_REVIEW",""
"https://www.40daysofholiness.com/day01","IMAGE","https://static.wixstatic.com/media/48a2a42b19814efaa824450f23e8a253.png/v1/fill/w_30,h_30,al_c,q_85,usm_0.66_1.00_0.01,enc_avif,quality_auto/48a2a42b19814efaa824450f23e8a253.png","LinkedIn","assets/images/48a2a42b19814efaa824450f23e8a253.png","200","ASSETS_CAPTURED","NOT_TESTED","PENDING_OWNER_REVIEW",""
"https://www.40daysofholiness.com/day01","IMAGE","https://static.wixstatic.com/media/e316f544f9094143b9eac01f1f19e697.png/v1/fill/w_30,h_30,al_c,q_85,usm_0.66_1.00_0.01,enc_avif,quality_auto/e316f544f9094143b9eac01f1f19e697.png","Facebook","assets/images/e316f544f9094143b9eac01f1f19e697.png","200","ASSETS_CAPTURED","NOT_TESTED","PENDING_OWNER_REVIEW",""
"https://www.40daysofholiness.com/day01","IMAGE","https://static.wixstatic.com/media/44eb1e29ffa34198aee01e8d4f305903.png/v1/fill/w_30,h_30,al_c,q_85,usm_0.66_1.00_0.01,enc_avif,quality_auto/44eb1e29ffa34198aee01e8d4f305903.png","YouTube","assets/images/44eb1e29ffa34198aee01e8d4f305903.png","200","ASSETS_CAPTURED","NOT_TESTED","PENDING_OWNER_REVIEW",""
"https://www.40daysofholiness.com/day01","IMAGE","https://static.wixstatic.com/media/59687ffffc2042f885062ce2b0744381.png/v1/fill/w_30,h_30,al_c,q_85,usm_0.66_1.00_0.01,enc_avif,quality_auto/59687ffffc2042f885062ce2b0744381.png","Twitter","assets/images/59687ffffc2042f885062ce2b0744381.png","200","ASSETS_CAPTURED","NOT_TESTED","PENDING_OWNER_REVIEW",""
"https://www.40daysofholiness.com/day02","IMAGE","https://static.wixstatic.com/media/c4950a168a9048a590a4a24b6be69e06.png/v1/fill/w_30,h_30,al_c,q_85,usm_0.66_1.00_0.01,enc_avif,quality_auto/c4950a168a9048a590a4a24b6be69e06.png","SoundCloud","assets/images/c4950a168a9048a590a4a24b6be69e06.png","200","ASSETS_CAPTURED","NOT_TESTED","PENDING_OWNER_REVIEW",""
"https://www.40daysofholiness.com/day02","IMAGE","https://static.wixstatic.com/media/48a2a42b19814efaa824450f23e8a253.png/v1/fill/w_30,h_30,al_c,q_85,usm_0.66_1.00_0.01,enc_avif,quality_auto/48a2a42b19814efaa824450f23e8a253.png","LinkedIn","assets/images/48a2a42b19814efaa824450f23e8a253.png","200","ASSETS_CAPTURED","NOT_TESTED","PENDING_OWNER_REVIEW",""
"https://www.40daysofholiness.com/day02","IMAGE","https://static.wixstatic.com/media/e316f544f9094143b9eac01f1f19e697.png/v1/fill/w_30,h_30,al_c,q_85,usm_0.66_1.00_0.01,enc_avif,quality_auto/e316f544f9094143b9eac01f1f19e697.png","Facebook","assets/images/e316f544f9094143b9eac01f1f19e697.png","200","ASSETS_CAPTURED","NOT_TESTED","PENDING_OWNER_REVIEW",""
"https://www.40daysofholiness.com/day02","IMAGE","https://static.wixstatic.com/media/44eb1e29ffa34198aee01e8d4f305903.png/v1/fill/w_30,h_30,al_c,q_85,usm_0.66_1.00_0.01,enc_avif,quality_auto/44eb1e29ffa34198aee01e8d4f305903.png","YouTube","assets/images/44eb1e29ffa34198aee01e8d4f305903.png","200","ASSETS_CAPTURED","NOT_TESTED","PENDING_OWNER_REVIEW",""
"https://www.40daysofholiness.com/day02","IMAGE","https://static.wixstatic.com/media/59687ffffc2042f885062ce2b0744381.png/v1/fill/w_30,h_30,al_c,q_85,usm_0.66_1.00_0.01,enc_avif,quality_auto/59687ffffc2042f885062ce2b0744381.png","Twitter","assets/images/59687ffffc2042f885062ce2b0744381.png","200","ASSETS_CAPTURED","NOT_TESTED","PENDING_OWNER_REVIEW",""
"https://www.40daysofholiness.com/day03","IMAGE","https://static.wixstatic.com/media/c4950a168a9048a590a4a24b6be69e06.png/v1/fill/w_30,h_30,al_c,q_85,usm_0.66_1.00_0.01,enc_avif,quality_auto/c4950a168a9048a590a4a24b6be69e06.png","SoundCloud","assets/images/c4950a168a9048a590a4a24b6be69e06.png","200","ASSETS_CAPTURED","NOT_TESTED","PENDING_OWNER_REVIEW",""
"https://www.40daysofholiness.com/day03","IMAGE","https://static.wixstatic.com/media/48a2a42b19814efaa824450f23e8a253.png/v1/fill/w_30,h_30,al_c,q_85,usm_0.66_1.00_0.01,enc_avif,quality_auto/48a2a42b19814efaa824450f23e8a253.png","LinkedIn","assets/images/48a2a42b19814efaa824450f23e8a253.png","200","ASSETS_CAPTURED","NOT_TESTED","PENDING_OWNER_REVIEW",""
"https://www.40daysofholiness.com/day03","IMAGE","https://static.wixstatic.com/media/e316f544f9094143b9eac01f1f19e697.png/v1/fill/w_30,h_30,al_c,q_85,usm_0.66_1.00_0.01,enc_avif,quality_auto/e316f544f9094143b9eac01f1f19e697.png","Facebook","assets/images/e316f544f9094143b9eac01f1f19e697.png","200","ASSETS_CAPTURED","NOT_TESTED","PENDING_OWNER_REVIEW",""
"https://www.40daysofholiness.com/day03","IMAGE","https://static.wixstatic.com/media/44eb1e29ffa34198aee01e8d4f305903.png/v1/fill/w_30,h_30,al_c,q_85,usm_0.66_1.00_0.01,enc_avif,quality_auto/44eb1e29ffa34198aee01e8d4f305903.png","YouTube","assets/images/44eb1e29ffa34198aee01e8d4f305903.png","200","ASSETS_CAPTURED","NOT_TESTED","PENDING_OWNER_REVIEW",""
"https://www.40daysofholiness.com/day03","IMAGE","https://static.wixstatic.com/media/59687ffffc2042f885062ce2b0744381.png/v1/fill/w_30,h_30,al_c,q_85,usm_0.66_1.00_0.01,enc_avif,quality_auto/59687ffffc2042f885062ce2b0744381.png","Twitter","assets/images/59687ffffc2042f885062ce2b0744381.png","200","ASSETS_CAPTURED","NOT_TESTED","PENDING_OWNER_REVIEW",""
"https://www.40daysofholiness.com/day04","IMAGE","https://static.wixstatic.com/media/c4950a168a9048a590a4a24b6be69e06.png/v1/fill/w_30,h_30,al_c,q_85,usm_0.66_1.00_0.01,enc_avif,quality_auto/c4950a168a9048a590a4a24b6be69e06.png","SoundCloud","assets/images/c4950a168a9048a590a4a24b6be69e06.png","200","ASSETS_CAPTURED","NOT_TESTED","PENDING_OWNER_REVIEW",""
"https://www.40daysofholiness.com/day04","IMAGE","https://static.wixstatic.com/media/48a2a42b19814efaa824450f23e8a253.png/v1/fill/w_30,h_30,al_c,q_85,usm_0.66_1.00_0.01,enc_avif,quality_auto/48a2a42b19814efaa824450f23e8a253.png","LinkedIn","assets/images/48a2a42b19814efaa824450f23e8a253.png","200","ASSETS_CAPTURED","NOT_TESTED","PENDING_OWNER_REVIEW",""
"https://www.40daysofholiness.com/day04","IMAGE","https://static.wixstatic.com/media/e316f544f9094143b9eac01f1f19e697.png/v1/fill/w_30,h_30,al_c,q_85,usm_0.66_1.00_0.01,enc_avif,quality_auto/e316f544f9094143b9eac01f1f19e697.png","Facebook","assets/images/e316f544f9094143b9eac01f1f19e697.png","200","ASSETS_CAPTURED","NOT_TESTED","PENDING_OWNER_REVIEW",""
"https://www.40daysofholiness.com/day04","IMAGE","https://static.wixstatic.com/media/44eb1e29ffa34198aee01e8d4f305903.png/v1/fill/w_30,h_30,al_c,q_85,usm_0.66_1.00_0.01,enc_avif,quality_auto/44eb1e29ffa34198aee01e8d4f305903.png","YouTube","assets/images/44eb1e29ffa34198aee01e8d4f305903.png","200","ASSETS_CAPTURED","NOT_TESTED","PENDING_OWNER_REVIEW",""
"https://www.40daysofholiness.com/day04","IMAGE","https://static.wixstatic.com/media/59687ffffc2042f885062ce2b0744381.png/v1/fill/w_30,h_30,al_c,q_85,usm_0.66_1.00_0.01,enc_avif,quality_auto/59687ffffc2042f885062ce2b0744381.png","Twitter","assets/images/59687ffffc2042f885062ce2b0744381.png","200","ASSETS_CAPTURED","NOT_TESTED","PENDING_OWNER_REVIEW",""
"https://www.40daysofholiness.com/day05","IMAGE","https://static.wixstatic.com/media/c4950a168a9048a590a4a24b6be69e06.png/v1/fill/w_30,h_30,al_c,q_85,usm_0.66_1.00_0.01,enc_avif,quality_auto/c4950a168a9048a590a4a24b6be69e06.png","SoundCloud","assets/images/c4950a168a9048a590a4a24b6be69e06.png","200","ASSETS_CAPTURED","NOT_TESTED","PENDING_OWNER_REVIEW",""
"https://www.40daysofholiness.com/day05","IMAGE","https://static.wixstatic.com/media/48a2a42b19814efaa824450f23e8a253.png/v1/fill/w_30,h_30,al_c,q_85,usm_0.66_1.00_0.01,enc_avif,quality_auto/48a2a42b19814efaa824450f23e8a253.png","LinkedIn","assets/images/48a2a42b19814efaa824450f23e8a253.png","200","ASSETS_CAPTURED","NOT_TESTED","PENDING_OWNER_REVIEW",""
"https://www.40daysofholiness.com/day05","IMAGE","https://static.wixstatic.com/media/e316f544f9094143b9eac01f1f19e697.png/v1/fill/w_30,h_30,al_c,q_85,usm_0.66_1.00_0.01,enc_avif,quality_auto/e316f544f9094143b9eac01f1f19e697.png","Facebook","assets/images/e316f544f9094143b9eac01f1f19e697.png","200","ASSETS_CAPTURED","NOT_TESTED","PENDING_OWNER_REVIEW",""
"https://www.40daysofholiness.com/day05","IMAGE","https://static.wixstatic.com/media/44eb1e29ffa34198aee01e8d4f305903.png/v1/fill/w_30,h_30,al_c,q_85,usm_0.66_1.00_0.01,enc_avif,quality_auto/44eb1e29ffa34198aee01e8d4f305903.png","YouTube","assets/images/44eb1e29ffa34198aee01e8d4f305903.png","200","ASSETS_CAPTURED","NOT_TESTED","PENDING_OWNER_REVIEW",""
"https://www.40daysofholiness.com/day05","IMAGE","https://static.wixstatic.com/media/59687ffffc2042f885062ce2b0744381.png/v1/fill/w_30,h_30,al_c,q_85,usm_0.66_1.00_0.01,enc_avif,quality_auto/59687ffffc2042f885062ce2b0744381.png","Twitter","assets/images/59687ffffc2042f885062ce2b0744381.png","200","ASSETS_CAPTURED","NOT_TESTED","PENDING_OWNER_REVIEW",""
"https://www.40daysofholiness.com/day06","IMAGE","https://static.wixstatic.com/media/c4950a168a9048a590a4a24b6be69e06.png/v1/fill/w_30,h_30,al_c,q_85,usm_0.66_1.00_0.01,enc_avif,quality_auto/c4950a168a9048a590a4a24b6be69e06.png","SoundCloud","assets/images/c4950a168a9048a590a4a24b6be69e06.png","200","ASSETS_CAPTURED","NOT_TESTED","PENDING_OWNER_REVIEW",""
"https://www.40daysofholiness.com/day06","IMAGE","https://static.wixstatic.com/media/48a2a42b19814efaa824450f23e8a253.png/v1/fill/w_30,h_30,al_c,q_85,usm_0.66_1.00_0.01,enc_avif,quality_auto/48a2a42b19814efaa824450f23e8a253.png","LinkedIn","assets/images/48a2a42b19814efaa824450f23e8a253.png","200","ASSETS_CAPTURED","NOT_TESTED","PENDING_OWNER_REVIEW",""
"https://www.40daysofholiness.com/day06","IMAGE","https://static.wixstatic.com/media/e316f544f9094143b9eac01f1f19e697.png/v1/fill/w_30,h_30,al_c,q_85,usm_0.66_1.00_0.01,enc_avif,quality_auto/e316f544f9094143b9eac01f1f19e697.png","Facebook","assets/images/e316f544f9094143b9eac01f1f19e697.png","200","ASSETS_CAPTURED","NOT_TESTED","PENDING_OWNER_REVIEW",""
"https://www.40daysofholiness.com/day06","IMAGE","https://static.wixstatic.com/media/44eb1e29ffa34198aee01e8d4f305903.png/v1/fill/w_30,h_30,al_c,q_85,usm_0.66_1.00_0.01,enc_avif,quality_auto/44eb1e29ffa34198aee01e8d4f305903.png","YouTube","assets/images/44eb1e29ffa34198aee01e8d4f305903.png","200","ASSETS_CAPTURED","NOT_TESTED","PENDING_OWNER_REVIEW",""
"https://www.40daysofholiness.com/day06","IMAGE","https://static.wixstatic.com/media/59687ffffc2042f885062ce2b0744381.png/v1/fill/w_30,h_30,al_c,q_85,usm_0.66_1.00_0.01,enc_avif,quality_auto/59687ffffc2042f885062ce2b0744381.png","Twitter","assets/images/59687ffffc2042f885062ce2b0744381.png","200","ASSETS_CAPTURED","NOT_TESTED","PENDING_OWNER_REVIEW",""
"https://www.40daysofholiness.com/day07","IMAGE","https://static.wixstatic.com/media/c4950a168a9048a590a4a24b6be69e06.png/v1/fill/w_30,h_30,al_c,q_85,usm_0.66_1.00_0.01,enc_avif,quality_auto/c4950a168a9048a590a4a24b6be69e06.png","SoundCloud","assets/images/c4950a168a9048a590a4a24b6be69e06.png","200","ASSETS_CAPTURED","NOT_TESTED","PENDING_OWNER_REVIEW",""
"https://www.40daysofholiness.com/day07","IMAGE","https://static.wixstatic.com/media/48a2a42b19814efaa824450f23e8a253.png/v1/fill/w_30,h_30,al_c,q_85,usm_0.66_1.00_0.01,enc_avif,quality_auto/48a2a42b19814efaa824450f23e8a253.png","LinkedIn","assets/images/48a2a42b19814efaa824450f23e8a253.png","200","ASSETS_CAPTURED","NOT_TESTED","PENDING_OWNER_REVIEW",""
"https://www.40daysofholiness.com/day07","IMAGE","https://static.wixstatic.com/media/e316f544f9094143b9eac01f1f19e697.png/v1/fill/w_30,h_30,al_c,q_85,usm_0.66_1.00_0.01,enc_avif,quality_auto/e316f544f9094143b9eac01f1f19e697.png","Facebook","assets/images/e316f544f9094143b9eac01f1f19e697.png","200","ASSETS_CAPTURED","NOT_TESTED","PENDING_OWNER_REVIEW",""
"https://www.40daysofholiness.com/day07","IMAGE","https://static.wixstatic.com/media/44eb1e29ffa34198aee01e8d4f305903.png/v1/fill/w_30,h_30,al_c,q_85,usm_0.66_1.00_0.01,enc_avif,quality_auto/44eb1e29ffa34198aee01e8d4f305903.png","YouTube","assets/images/44eb1e29ffa34198aee01e8d4f305903.png","200","ASSETS_CAPTURED","NOT_TESTED","PENDING_OWNER_REVIEW",""
"https://www.40daysofholiness.com/day07","IMAGE","https://static.wixstatic.com/media/59687ffffc2042f885062ce2b0744381.png/v1/fill/w_30,h_30,al_c,q_85,usm_0.66_1.00_0.01,enc_avif,quality_auto/59687ffffc2042f885062ce2b0744381.png","Twitter","assets/images/59687ffffc2042f885062ce2b0744381.png","200","ASSETS_CAPTURED","NOT_TESTED","PENDING_OWNER_REVIEW",""
"https://www.40daysofholiness.com/day08","IMAGE","https://static.wixstatic.com/media/c4950a168a9048a590a4a24b6be69e06.png/v1/fill/w_30,h_30,al_c,q_85,usm_0.66_1.00_0.01,enc_avif,quality_auto/c4950a168a9048a590a4a24b6be69e06.png","SoundCloud","assets/images/c4950a168a9048a590a4a24b6be69e06.png","200","ASSETS_CAPTURED","NOT_TESTED","PENDING_OWNER_REVIEW",""
"https://www.40daysofholiness.com/day08","IMAGE","https://static.wixstatic.com/media/48a2a42b19814efaa824450f23e8a253.png/v1/fill/w_30,h_30,al_c,q_85,usm_0.66_1.00_0.01,enc_avif,quality_auto/48a2a42b19814efaa824450f23e8a253.png","LinkedIn","assets/images/48a2a42b19814efaa824450f23e8a253.png","200","ASSETS_CAPTURED","NOT_TESTED","PENDING_OWNER_REVIEW",""
"https://www.40daysofholiness.com/day08","IMAGE","https://static.wixstatic.com/media/e316f544f9094143b9eac01f1f19e697.png/v1/fill/w_30,h_30,al_c,q_85,usm_0.66_1.00_0.01,enc_avif,quality_auto/e316f544f9094143b9eac01f1f19e697.png","Facebook","assets/images/e316f544f9094143b9eac01f1f19e697.png","200","ASSETS_CAPTURED","NOT_TESTED","PENDING_OWNER_REVIEW",""
"https://www.40daysofholiness.com/day08","IMAGE","https://static.wixstatic.com/media/44eb1e29ffa34198aee01e8d4f305903.png/v1/fill/w_30,h_30,al_c,q_85,usm_0.66_1.00_0.01,enc_avif,quality_auto/44eb1e29ffa34198aee01e8d4f305903.png","YouTube","assets/images/44eb1e29ffa34198aee01e8d4f305903.png","200","ASSETS_CAPTURED","NOT_TESTED","PENDING_OWNER_REVIEW",""
"https://www.40daysofholiness.com/day08","IMAGE","https://static.wixstatic.com/media/59687ffffc2042f885062ce2b0744381.png/v1/fill/w_30,h_30,al_c,q_85,usm_0.66_1.00_0.01,enc_avif,quality_auto/59687ffffc2042f885062ce2b0744381.png","Twitter","assets/images/59687ffffc2042f885062ce2b0744381.png","200","ASSETS_CAPTURED","NOT_TESTED","PENDING_OWNER_REVIEW",""
"https://www.40daysofholiness.com/day09","IMAGE","https://static.wixstatic.com/media/c4950a168a9048a590a4a24b6be69e06.png/v1/fill/w_30,h_30,al_c,q_85,usm_0.66_1.00_0.01,enc_avif,quality_auto/c4950a168a9048a590a4a24b6be69e06.png","SoundCloud","assets/images/c4950a168a9048a590a4a24b6be69e06.png","200","ASSETS_CAPTURED","NOT_TESTED","PENDING_OWNER_REVIEW",""
"https://www.40daysofholiness.com/day09","IMAGE","https://static.wixstatic.com/media/48a2a42b19814efaa824450f23e8a253.png/v1/fill/w_30,h_30,al_c,q_85,usm_0.66_1.00_0.01,enc_avif,quality_auto/48a2a42b19814efaa824450f23e8a253.png","LinkedIn","assets/images/48a2a42b19814efaa824450f23e8a253.png","200","ASSETS_CAPTURED","NOT_TESTED","PENDING_OWNER_REVIEW",""
"https://www.40daysofholiness.com/day09","IMAGE","https://static.wixstatic.com/media/e316f544f9094143b9eac01f1f19e697.png/v1/fill/w_30,h_30,al_c,q_85,usm_0.66_1.00_0.01,enc_avif,quality_auto/e316f544f9094143b9eac01f1f19e697.png","Facebook","assets/images/e316f544f9094143b9eac01f1f19e697.png","200","ASSETS_CAPTURED","NOT_TESTED","PENDING_OWNER_REVIEW",""
"https://www.40daysofholiness.com/day09","IMAGE","https://static.wixstatic.com/media/44eb1e29ffa34198aee01e8d4f305903.png/v1/fill/w_30,h_30,al_c,q_85,usm_0.66_1.00_0.01,enc_avif,quality_auto/44eb1e29ffa34198aee01e8d4f305903.png","YouTube","assets/images/44eb1e29ffa34198aee01e8d4f305903.png","200","ASSETS_CAPTURED","NOT_TESTED","PENDING_OWNER_REVIEW",""
"https://www.40daysofholiness.com/day09","IMAGE","https://static.wixstatic.com/media/59687ffffc2042f885062ce2b0744381.png/v1/fill/w_30,h_30,al_c,q_85,usm_0.66_1.00_0.01,enc_avif,quality_auto/59687ffffc2042f885062ce2b0744381.png","Twitter","assets/images/59687ffffc2042f885062ce2b0744381.png","200","ASSETS_CAPTURED","NOT_TESTED","PENDING_OWNER_REVIEW",""
"https://www.40daysofholiness.com/day10","IMAGE","https://static.wixstatic.com/media/c4950a168a9048a590a4a24b6be69e06.png/v1/fill/w_30,h_30,al_c,q_85,usm_0.66_1.00_0.01,enc_avif,quality_auto/c4950a168a9048a590a4a24b6be69e06.png","SoundCloud","assets/images/c4950a168a9048a590a4a24b6be69e06.png","200","ASSETS_CAPTURED","NOT_TESTED","PENDING_OWNER_REVIEW",""
"https://www.40daysofholiness.com/day10","IMAGE","https://static.wixstatic.com/media/48a2a42b19814efaa824450f23e8a253.png/v1/fill/w_30,h_30,al_c,q_85,usm_0.66_1.00_0.01,enc_avif,quality_auto/48a2a42b19814efaa824450f23e8a253.png","LinkedIn","assets/images/48a2a42b19814efaa824450f23e8a253.png","200","ASSETS_CAPTURED","NOT_TESTED","PENDING_OWNER_REVIEW",""
"https://www.40daysofholiness.com/day10","IMAGE","https://static.wixstatic.com/media/e316f544f9094143b9eac01f1f19e697.png/v1/fill/w_30,h_30,al_c,q_85,usm_0.66_1.00_0.01,enc_avif,quality_auto/e316f544f9094143b9eac01f1f19e697.png","Facebook","assets/images/e316f544f9094143b9eac01f1f19e697.png","200","ASSETS_CAPTURED","NOT_TESTED","PENDING_OWNER_REVIEW",""
"https://www.40daysofholiness.com/day10","IMAGE","https://static.wixstatic.com/media/44eb1e29ffa34198aee01e8d4f305903.png/v1/fill/w_30,h_30,al_c,q_85,usm_0.66_1.00_0.01,enc_avif,quality_auto/44eb1e29ffa34198aee01e8d4f305903.png","YouTube","assets/images/44eb1e29ffa34198aee01e8d4f305903.png","200","ASSETS_CAPTURED","NOT_TESTED","PENDING_OWNER_REVIEW",""
"https://www.40daysofholiness.com/day10","IMAGE","https://static.wixstatic.com/media/59687ffffc2042f885062ce2b0744381.png/v1/fill/w_30,h_30,al_c,q_85,usm_0.66_1.00_0.01,enc_avif,quality_auto/59687ffffc2042f885062ce2b0744381.png","Twitter","assets/images/59687ffffc2042f885062ce2b0744381.png","200","ASSETS_CAPTURED","NOT_TESTED","PENDING_OWNER_REVIEW",""
"https://www.40daysofholiness.com/day11","IMAGE","https://static.wixstatic.com/media/c4950a168a9048a590a4a24b6be69e06.png/v1/fill/w_30,h_30,al_c,q_85,usm_0.66_1.00_0.01,enc_avif,quality_auto/c4950a168a9048a590a4a24b6be69e06.png","SoundCloud","assets/images/c4950a168a9048a590a4a24b6be69e06.png","200","ASSETS_CAPTURED","NOT_TESTED","PENDING_OWNER_REVIEW",""
"https://www.40daysofholiness.com/day11","IMAGE","https://static.wixstatic.com/media/48a2a42b19814efaa824450f23e8a253.png/v1/fill/w_30,h_30,al_c,q_85,usm_0.66_1.00_0.01,enc_avif,quality_auto/48a2a42b19814efaa824450f23e8a253.png","LinkedIn","assets/images/48a2a42b19814efaa824450f23e8a253.png","200","ASSETS_CAPTURED","NOT_TESTED","PENDING_OWNER_REVIEW",""
"https://www.40daysofholiness.com/day11","IMAGE","https://static.wixstatic.com/media/e316f544f9094143b9eac01f1f19e697.png/v1/fill/w_30,h_30,al_c,q_85,usm_0.66_1.00_0.01,enc_avif,quality_auto/e316f544f9094143b9eac01f1f19e697.png","Facebook","assets/images/e316f544f9094143b9eac01f1f19e697.png","200","ASSETS_CAPTURED","NOT_TESTED","PENDING_OWNER_REVIEW",""
"https://www.40daysofholiness.com/day11","IMAGE","https://static.wixstatic.com/media/44eb1e29ffa34198aee01e8d4f305903.png/v1/fill/w_30,h_30,al_c,q_85,usm_0.66_1.00_0.01,enc_avif,quality_auto/44eb1e29ffa34198aee01e8d4f305903.png","YouTube","assets/images/44eb1e29ffa34198aee01e8d4f305903.png","200","ASSETS_CAPTURED","NOT_TESTED","PENDING_OWNER_REVIEW",""
"https://www.40daysofholiness.com/day11","IMAGE","https://static.wixstatic.com/media/59687ffffc2042f885062ce2b0744381.png/v1/fill/w_30,h_30,al_c,q_85,usm_0.66_1.00_0.01,enc_avif,quality_auto/59687ffffc2042f885062ce2b0744381.png","Twitter","assets/images/59687ffffc2042f885062ce2b0744381.png","200","ASSETS_CAPTURED","NOT_TESTED","PENDING_OWNER_REVIEW",""
"https://www.40daysofholiness.com/day12","IMAGE","https://static.wixstatic.com/media/c4950a168a9048a590a4a24b6be69e06.png/v1/fill/w_30,h_30,al_c,q_85,usm_0.66_1.00_0.01,enc_avif,quality_auto/c4950a168a9048a590a4a24b6be69e06.png","SoundCloud","assets/images/c4950a168a9048a590a4a24b6be69e06.png","200","ASSETS_CAPTURED","NOT_TESTED","PENDING_OWNER_REVIEW",""
"https://www.40daysofholiness.com/day12","IMAGE","https://static.wixstatic.com/media/48a2a42b19814efaa824450f23e8a253.png/v1/fill/w_30,h_30,al_c,q_85,usm_0.66_1.00_0.01,enc_avif,quality_auto/48a2a42b19814efaa824450f23e8a253.png","LinkedIn","assets/images/48a2a42b19814efaa824450f23e8a253.png","200","ASSETS_CAPTURED","NOT_TESTED","PENDING_OWNER_REVIEW",""
"https://www.40daysofholiness.com/day12","IMAGE","https://static.wixstatic.com/media/e316f544f9094143b9eac01f1f19e697.png/v1/fill/w_30,h_30,al_c,q_85,usm_0.66_1.00_0.01,enc_avif,quality_auto/e316f544f9094143b9eac01f1f19e697.png","Facebook","assets/images/e316f544f9094143b9eac01f1f19e697.png","200","ASSETS_CAPTURED","NOT_TESTED","PENDING_OWNER_REVIEW",""
"https://www.40daysofholiness.com/day12","IMAGE","https://static.wixstatic.com/media/44eb1e29ffa34198aee01e8d4f305903.png/v1/fill/w_30,h_30,al_c,q_85,usm_0.66_1.00_0.01,enc_avif,quality_auto/44eb1e29ffa34198aee01e8d4f305903.png","YouTube","assets/images/44eb1e29ffa34198aee01e8d4f305903.png","200","ASSETS_CAPTURED","NOT_TESTED","PENDING_OWNER_REVIEW",""
"https://www.40daysofholiness.com/day12","IMAGE","https://static.wixstatic.com/media/59687ffffc2042f885062ce2b0744381.png/v1/fill/w_30,h_30,al_c,q_85,usm_0.66_1.00_0.01,enc_avif,quality_auto/59687ffffc2042f885062ce2b0744381.png","Twitter","assets/images/59687ffffc2042f885062ce2b0744381.png","200","ASSETS_CAPTURED","NOT_TESTED","PENDING_OWNER_REVIEW",""
"https://www.40daysofholiness.com/day13","IMAGE","https://static.wixstatic.com/media/c4950a168a9048a590a4a24b6be69e06.png/v1/fill/w_30,h_30,al_c,q_85,usm_0.66_1.00_0.01,enc_avif,quality_auto/c4950a168a9048a590a4a24b6be69e06.png","SoundCloud","assets/images/c4950a168a9048a590a4a24b6be69e06.png","200","ASSETS_CAPTURED","NOT_TESTED","PENDING_OWNER_REVIEW",""
"https://www.40daysofholiness.com/day13","IMAGE","https://static.wixstatic.com/media/48a2a42b19814efaa824450f23e8a253.png/v1/fill/w_30,h_30,al_c,q_85,usm_0.66_1.00_0.01,enc_avif,quality_auto/48a2a42b19814efaa824450f23e8a253.png","LinkedIn","assets/images/48a2a42b19814efaa824450f23e8a253.png","200","ASSETS_CAPTURED","NOT_TESTED","PENDING_OWNER_REVIEW",""
"https://www.40daysofholiness.com/day13","IMAGE","https://static.wixstatic.com/media/e316f544f9094143b9eac01f1f19e697.png/v1/fill/w_30,h_30,al_c,q_85,usm_0.66_1.00_0.01,enc_avif,quality_auto/e316f544f9094143b9eac01f1f19e697.png","Facebook","assets/images/e316f544f9094143b9eac01f1f19e697.png","200","ASSETS_CAPTURED","NOT_TESTED","PENDING_OWNER_REVIEW",""
"https://www.40daysofholiness.com/day13","IMAGE","https://static.wixstatic.com/media/44eb1e29ffa34198aee01e8d4f305903.png/v1/fill/w_30,h_30,al_c,q_85,usm_0.66_1.00_0.01,enc_avif,quality_auto/44eb1e29ffa34198aee01e8d4f305903.png","YouTube","assets/images/44eb1e29ffa34198aee01e8d4f305903.png","200","ASSETS_CAPTURED","NOT_TESTED","PENDING_OWNER_REVIEW",""
"https://www.40daysofholiness.com/day13","IMAGE","https://static.wixstatic.com/media/59687ffffc2042f885062ce2b0744381.png/v1/fill/w_30,h_30,al_c,q_85,usm_0.66_1.00_0.01,enc_avif,quality_auto/59687ffffc2042f885062ce2b0744381.png","Twitter","assets/images/59687ffffc2042f885062ce2b0744381.png","200","ASSETS_CAPTURED","NOT_TESTED","PENDING_OWNER_REVIEW",""
"https://www.40daysofholiness.com/day14","IMAGE","https://static.wixstatic.com/media/c4950a168a9048a590a4a24b6be69e06.png/v1/fill/w_30,h_30,al_c,q_85,usm_0.66_1.00_0.01,enc_avif,quality_auto/c4950a168a9048a590a4a24b6be69e06.png","SoundCloud","assets/images/c4950a168a9048a590a4a24b6be69e06.png","200","ASSETS_CAPTURED","NOT_TESTED","PENDING_OWNER_REVIEW",""
"https://www.40daysofholiness.com/day14","IMAGE","https://static.wixstatic.com/media/48a2a42b19814efaa824450f23e8a253.png/v1/fill/w_30,h_30,al_c,q_85,usm_0.66_1.00_0.01,enc_avif,quality_auto/48a2a42b19814efaa824450f23e8a253.png","LinkedIn","assets/images/48a2a42b19814efaa824450f23e8a253.png","200","ASSETS_CAPTURED","NOT_TESTED","PENDING_OWNER_REVIEW",""
"https://www.40daysofholiness.com/day14","IMAGE","https://static.wixstatic.com/media/e316f544f9094143b9eac01f1f19e697.png/v1/fill/w_30,h_30,al_c,q_85,usm_0.66_1.00_0.01,enc_avif,quality_auto/e316f544f9094143b9eac01f1f19e697.png","Facebook","assets/images/e316f544f9094143b9eac01f1f19e697.png","200","ASSETS_CAPTURED","NOT_TESTED","PENDING_OWNER_REVIEW",""
"https://www.40daysofholiness.com/day14","IMAGE","https://static.wixstatic.com/media/44eb1e29ffa34198aee01e8d4f305903.png/v1/fill/w_30,h_30,al_c,q_85,usm_0.66_1.00_0.01,enc_avif,quality_auto/44eb1e29ffa34198aee01e8d4f305903.png","YouTube","assets/images/44eb1e29ffa34198aee01e8d4f305903.png","200","ASSETS_CAPTURED","NOT_TESTED","PENDING_OWNER_REVIEW",""
"https://www.40daysofholiness.com/day14","IMAGE","https://static.wixstatic.com/media/59687ffffc2042f885062ce2b0744381.png/v1/fill/w_30,h_30,al_c,q_85,usm_0.66_1.00_0.01,enc_avif,quality_auto/59687ffffc2042f885062ce2b0744381.png","Twitter","assets/images/59687ffffc2042f885062ce2b0744381.png","200","ASSETS_CAPTURED","NOT_TESTED","PENDING_OWNER_REVIEW",""
"https://www.40daysofholiness.com/day15","IMAGE","https://static.wixstatic.com/media/c4950a168a9048a590a4a24b6be69e06.png/v1/fill/w_30,h_30,al_c,q_85,usm_0.66_1.00_0.01,enc_avif,quality_auto/c4950a168a9048a590a4a24b6be69e06.png","SoundCloud","assets/images/c4950a168a9048a590a4a24b6be69e06.png","200","ASSETS_CAPTURED","NOT_TESTED","PENDING_OWNER_REVIEW",""
"https://www.40daysofholiness.com/day15","IMAGE","https://static.wixstatic.com/media/48a2a42b19814efaa824450f23e8a253.png/v1/fill/w_30,h_30,al_c,q_85,usm_0.66_1.00_0.01,enc_avif,quality_auto/48a2a42b19814efaa824450f23e8a253.png","LinkedIn","assets/images/48a2a42b19814efaa824450f23e8a253.png","200","ASSETS_CAPTURED","NOT_TESTED","PENDING_OWNER_REVIEW",""
"https://www.40daysofholiness.com/day15","IMAGE","https://static.wixstatic.com/media/e316f544f9094143b9eac01f1f19e697.png/v1/fill/w_30,h_30,al_c,q_85,usm_0.66_1.00_0.01,enc_avif,quality_auto/e316f544f9094143b9eac01f1f19e697.png","Facebook","assets/images/e316f544f9094143b9eac01f1f19e697.png","200","ASSETS_CAPTURED","NOT_TESTED","PENDING_OWNER_REVIEW",""
"https://www.40daysofholiness.com/day15","IMAGE","https://static.wixstatic.com/media/44eb1e29ffa34198aee01e8d4f305903.png/v1/fill/w_30,h_30,al_c,q_85,usm_0.66_1.00_0.01,enc_avif,quality_auto/44eb1e29ffa34198aee01e8d4f305903.png","YouTube","assets/images/44eb1e29ffa34198aee01e8d4f305903.png","200","ASSETS_CAPTURED","NOT_TESTED","PENDING_OWNER_REVIEW",""
"https://www.40daysofholiness.com/day15","IMAGE","https://static.wixstatic.com/media/59687ffffc2042f885062ce2b0744381.png/v1/fill/w_30,h_30,al_c,q_85,usm_0.66_1.00_0.01,enc_avif,quality_auto/59687ffffc2042f885062ce2b0744381.png","Twitter","assets/images/59687ffffc2042f885062ce2b0744381.png","200","ASSETS_CAPTURED","NOT_TESTED","PENDING_OWNER_REVIEW",""
"https://www.40daysofholiness.com/day16","IMAGE","https://static.wixstatic.com/media/c4950a168a9048a590a4a24b6be69e06.png/v1/fill/w_30,h_30,al_c,q_85,usm_0.66_1.00_0.01,enc_avif,quality_auto/c4950a168a9048a590a4a24b6be69e06.png","SoundCloud","assets/images/c4950a168a9048a590a4a24b6be69e06.png","200","ASSETS_CAPTURED","NOT_TESTED","PENDING_OWNER_REVIEW",""
"https://www.40daysofholiness.com/day16","IMAGE","https://static.wixstatic.com/media/48a2a42b19814efaa824450f23e8a253.png/v1/fill/w_30,h_30,al_c,q_85,usm_0.66_1.00_0.01,enc_avif,quality_auto/48a2a42b19814efaa824450f23e8a253.png","LinkedIn","assets/images/48a2a42b19814efaa824450f23e8a253.png","200","ASSETS_CAPTURED","NOT_TESTED","PENDING_OWNER_REVIEW",""
"https://www.40daysofholiness.com/day16","IMAGE","https://static.wixstatic.com/media/e316f544f9094143b9eac01f1f19e697.png/v1/fill/w_30,h_30,al_c,q_85,usm_0.66_1.00_0.01,enc_avif,quality_auto/e316f544f9094143b9eac01f1f19e697.png","Facebook","assets/images/e316f544f9094143b9eac01f1f19e697.png","200","ASSETS_CAPTURED","NOT_TESTED","PENDING_OWNER_REVIEW",""
"https://www.40daysofholiness.com/day16","IMAGE","https://static.wixstatic.com/media/44eb1e29ffa34198aee01e8d4f305903.png/v1/fill/w_30,h_30,al_c,q_85,usm_0.66_1.00_0.01,enc_avif,quality_auto/44eb1e29ffa34198aee01e8d4f305903.png","YouTube","assets/images/44eb1e29ffa34198aee01e8d4f305903.png","200","ASSETS_CAPTURED","NOT_TESTED","PENDING_OWNER_REVIEW",""
"https://www.40daysofholiness.com/day16","IMAGE","https://static.wixstatic.com/media/59687ffffc2042f885062ce2b0744381.png/v1/fill/w_30,h_30,al_c,q_85,usm_0.66_1.00_0.01,enc_avif,quality_auto/59687ffffc2042f885062ce2b0744381.png","Twitter","assets/images/59687ffffc2042f885062ce2b0744381.png","200","ASSETS_CAPTURED","NOT_TESTED","PENDING_OWNER_REVIEW",""
"https://www.40daysofholiness.com/day17","IMAGE","https://static.wixstatic.com/media/c4950a168a9048a590a4a24b6be69e06.png/v1/fill/w_30,h_30,al_c,q_85,usm_0.66_1.00_0.01,enc_avif,quality_auto/c4950a168a9048a590a4a24b6be69e06.png","SoundCloud","assets/images/c4950a168a9048a590a4a24b6be69e06.png","200","ASSETS_CAPTURED","NOT_TESTED","PENDING_OWNER_REVIEW",""
"https://www.40daysofholiness.com/day17","IMAGE","https://static.wixstatic.com/media/48a2a42b19814efaa824450f23e8a253.png/v1/fill/w_30,h_30,al_c,q_85,usm_0.66_1.00_0.01,enc_avif,quality_auto/48a2a42b19814efaa824450f23e8a253.png","LinkedIn","assets/images/48a2a42b19814efaa824450f23e8a253.png","200","ASSETS_CAPTURED","NOT_TESTED","PENDING_OWNER_REVIEW",""
"https://www.40daysofholiness.com/day17","IMAGE","https://static.wixstatic.com/media/e316f544f9094143b9eac01f1f19e697.png/v1/fill/w_30,h_30,al_c,q_85,usm_0.66_1.00_0.01,enc_avif,quality_auto/e316f544f9094143b9eac01f1f19e697.png","Facebook","assets/images/e316f544f9094143b9eac01f1f19e697.png","200","ASSETS_CAPTURED","NOT_TESTED","PENDING_OWNER_REVIEW",""
"https://www.40daysofholiness.com/day17","IMAGE","https://static.wixstatic.com/media/44eb1e29ffa34198aee01e8d4f305903.png/v1/fill/w_30,h_30,al_c,q_85,usm_0.66_1.00_0.01,enc_avif,quality_auto/44eb1e29ffa34198aee01e8d4f305903.png","YouTube","assets/images/44eb1e29ffa34198aee01e8d4f305903.png","200","ASSETS_CAPTURED","NOT_TESTED","PENDING_OWNER_REVIEW",""
"https://www.40daysofholiness.com/day17","IMAGE","https://static.wixstatic.com/media/59687ffffc2042f885062ce2b0744381.png/v1/fill/w_30,h_30,al_c,q_85,usm_0.66_1.00_0.01,enc_avif,quality_auto/59687ffffc2042f885062ce2b0744381.png","Twitter","assets/images/59687ffffc2042f885062ce2b0744381.png","200","ASSETS_CAPTURED","NOT_TESTED","PENDING_OWNER_REVIEW",""
"https://www.40daysofholiness.com/day18","IMAGE","https://static.wixstatic.com/media/c4950a168a9048a590a4a24b6be69e06.png/v1/fill/w_30,h_30,al_c,q_85,usm_0.66_1.00_0.01,enc_avif,quality_auto/c4950a168a9048a590a4a24b6be69e06.png","SoundCloud","assets/images/c4950a168a9048a590a4a24b6be69e06.png","200","ASSETS_CAPTURED","NOT_TESTED","PENDING_OWNER_REVIEW",""
"https://www.40daysofholiness.com/day18","IMAGE","https://static.wixstatic.com/media/48a2a42b19814efaa824450f23e8a253.png/v1/fill/w_30,h_30,al_c,q_85,usm_0.66_1.00_0.01,enc_avif,quality_auto/48a2a42b19814efaa824450f23e8a253.png","LinkedIn","assets/images/48a2a42b19814efaa824450f23e8a253.png","200","ASSETS_CAPTURED","NOT_TESTED","PENDING_OWNER_REVIEW",""
"https://www.40daysofholiness.com/day18","IMAGE","https://static.wixstatic.com/media/e316f544f9094143b9eac01f1f19e697.png/v1/fill/w_30,h_30,al_c,q_85,usm_0.66_1.00_0.01,enc_avif,quality_auto/e316f544f9094143b9eac01f1f19e697.png","Facebook","assets/images/e316f544f9094143b9eac01f1f19e697.png","200","ASSETS_CAPTURED","NOT_TESTED","PENDING_OWNER_REVIEW",""
"https://www.40daysofholiness.com/day18","IMAGE","https://static.wixstatic.com/media/44eb1e29ffa34198aee01e8d4f305903.png/v1/fill/w_30,h_30,al_c,q_85,usm_0.66_1.00_0.01,enc_avif,quality_auto/44eb1e29ffa34198aee01e8d4f305903.png","YouTube","assets/images/44eb1e29ffa34198aee01e8d4f305903.png","200","ASSETS_CAPTURED","NOT_TESTED","PENDING_OWNER_REVIEW",""
"https://www.40daysofholiness.com/day18","IMAGE","https://static.wixstatic.com/media/59687ffffc2042f885062ce2b0744381.png/v1/fill/w_30,h_30,al_c,q_85,usm_0.66_1.00_0.01,enc_avif,quality_auto/59687ffffc2042f885062ce2b0744381.png","Twitter","assets/images/59687ffffc2042f885062ce2b0744381.png","200","ASSETS_CAPTURED","NOT_TESTED","PENDING_OWNER_REVIEW",""
"https://www.40daysofholiness.com/day19","IMAGE","https://static.wixstatic.com/media/c4950a168a9048a590a4a24b6be69e06.png/v1/fill/w_30,h_30,al_c,q_85,usm_0.66_1.00_0.01,enc_avif,quality_auto/c4950a168a9048a590a4a24b6be69e06.png","SoundCloud","assets/images/c4950a168a9048a590a4a24b6be69e06.png","200","ASSETS_CAPTURED","NOT_TESTED","PENDING_OWNER_REVIEW",""
"https://www.40daysofholiness.com/day19","IMAGE","https://static.wixstatic.com/media/48a2a42b19814efaa824450f23e8a253.png/v1/fill/w_30,h_30,al_c,q_85,usm_0.66_1.00_0.01,enc_avif,quality_auto/48a2a42b19814efaa824450f23e8a253.png","LinkedIn","assets/images/48a2a42b19814efaa824450f23e8a253.png","200","ASSETS_CAPTURED","NOT_TESTED","PENDING_OWNER_REVIEW",""
"https://www.40daysofholiness.com/day19","IMAGE","https://static.wixstatic.com/media/e316f544f9094143b9eac01f1f19e697.png/v1/fill/w_30,h_30,al_c,q_85,usm_0.66_1.00_0.01,enc_avif,quality_auto/e316f544f9094143b9eac01f1f19e697.png","Facebook","assets/images/e316f544f9094143b9eac01f1f19e697.png","200","ASSETS_CAPTURED","NOT_TESTED","PENDING_OWNER_REVIEW",""
"https://www.40daysofholiness.com/day19","IMAGE","https://static.wixstatic.com/media/44eb1e29ffa34198aee01e8d4f305903.png/v1/fill/w_30,h_30,al_c,q_85,usm_0.66_1.00_0.01,enc_avif,quality_auto/44eb1e29ffa34198aee01e8d4f305903.png","YouTube","assets/images/44eb1e29ffa34198aee01e8d4f305903.png","200","ASSETS_CAPTURED","NOT_TESTED","PENDING_OWNER_REVIEW",""
"https://www.40daysofholiness.com/day19","IMAGE","https://static.wixstatic.com/media/59687ffffc2042f885062ce2b0744381.png/v1/fill/w_30,h_30,al_c,q_85,usm_0.66_1.00_0.01,enc_avif,quality_auto/59687ffffc2042f885062ce2b0744381.png","Twitter","assets/images/59687ffffc2042f885062ce2b0744381.png","200","ASSETS_CAPTURED","NOT_TESTED","PENDING_OWNER_REVIEW",""
"https://www.40daysofholiness.com/day20","IMAGE","https://static.wixstatic.com/media/c4950a168a9048a590a4a24b6be69e06.png/v1/fill/w_30,h_30,al_c,q_85,usm_0.66_1.00_0.01,enc_avif,quality_auto/c4950a168a9048a590a4a24b6be69e06.png","SoundCloud","assets/images/c4950a168a9048a590a4a24b6be69e06.png","200","ASSETS_CAPTURED","NOT_TESTED","PENDING_OWNER_REVIEW",""
"https://www.40daysofholiness.com/day20","IMAGE","https://static.wixstatic.com/media/48a2a42b19814efaa824450f23e8a253.png/v1/fill/w_30,h_30,al_c,q_85,usm_0.66_1.00_0.01,enc_avif,quality_auto/48a2a42b19814efaa824450f23e8a253.png","LinkedIn","assets/images/48a2a42b19814efaa824450f23e8a253.png","200","ASSETS_CAPTURED","NOT_TESTED","PENDING_OWNER_REVIEW",""
"https://www.40daysofholiness.com/day20","IMAGE","https://static.wixstatic.com/media/e316f544f9094143b9eac01f1f19e697.png/v1/fill/w_30,h_30,al_c,q_85,usm_0.66_1.00_0.01,enc_avif,quality_auto/e316f544f9094143b9eac01f1f19e697.png","Facebook","assets/images/e316f544f9094143b9eac01f1f19e697.png","200","ASSETS_CAPTURED","NOT_TESTED","PENDING_OWNER_REVIEW",""
"https://www.40daysofholiness.com/day20","IMAGE","https://static.wixstatic.com/media/44eb1e29ffa34198aee01e8d4f305903.png/v1/fill/w_30,h_30,al_c,q_85,usm_0.66_1.00_0.01,enc_avif,quality_auto/44eb1e29ffa34198aee01e8d4f305903.png","YouTube","assets/images/44eb1e29ffa34198aee01e8d4f305903.png","200","ASSETS_CAPTURED","NOT_TESTED","PENDING_OWNER_REVIEW",""
"https://www.40daysofholiness.com/day20","IMAGE","https://static.wixstatic.com/media/59687ffffc2042f885062ce2b0744381.png/v1/fill/w_30,h_30,al_c,q_85,usm_0.66_1.00_0.01,enc_avif,quality_auto/59687ffffc2042f885062ce2b0744381.png","Twitter","assets/images/59687ffffc2042f885062ce2b0744381.png","200","ASSETS_CAPTURED","NOT_TESTED","PENDING_OWNER_REVIEW",""
"https://www.40daysofholiness.com/day21","IMAGE","https://static.wixstatic.com/media/c4950a168a9048a590a4a24b6be69e06.png/v1/fill/w_30,h_30,al_c,q_85,usm_0.66_1.00_0.01,enc_avif,quality_auto/c4950a168a9048a590a4a24b6be69e06.png","SoundCloud","assets/images/c4950a168a9048a590a4a24b6be69e06.png","200","ASSETS_CAPTURED","NOT_TESTED","PENDING_OWNER_REVIEW",""
"https://www.40daysofholiness.com/day21","IMAGE","https://static.wixstatic.com/media/48a2a42b19814efaa824450f23e8a253.png/v1/fill/w_30,h_30,al_c,q_85,usm_0.66_1.00_0.01,enc_avif,quality_auto/48a2a42b19814efaa824450f23e8a253.png","LinkedIn","assets/images/48a2a42b19814efaa824450f23e8a253.png","200","ASSETS_CAPTURED","NOT_TESTED","PENDING_OWNER_REVIEW",""
"https://www.40daysofholiness.com/day21","IMAGE","https://static.wixstatic.com/media/e316f544f9094143b9eac01f1f19e697.png/v1/fill/w_30,h_30,al_c,q_85,usm_0.66_1.00_0.01,enc_avif,quality_auto/e316f544f9094143b9eac01f1f19e697.png","Facebook","assets/images/e316f544f9094143b9eac01f1f19e697.png","200","ASSETS_CAPTURED","NOT_TESTED","PENDING_OWNER_REVIEW",""
"https://www.40daysofholiness.com/day21","IMAGE","https://static.wixstatic.com/media/44eb1e29ffa34198aee01e8d4f305903.png/v1/fill/w_30,h_30,al_c,q_85,usm_0.66_1.00_0.01,enc_avif,quality_auto/44eb1e29ffa34198aee01e8d4f305903.png","YouTube","assets/images/44eb1e29ffa34198aee01e8d4f305903.png","200","ASSETS_CAPTURED","NOT_TESTED","PENDING_OWNER_REVIEW",""
"https://www.40daysofholiness.com/day21","IMAGE","https://static.wixstatic.com/media/59687ffffc2042f885062ce2b0744381.png/v1/fill/w_30,h_30,al_c,q_85,usm_0.66_1.00_0.01,enc_avif,quality_auto/59687ffffc2042f885062ce2b0744381.png","Twitter","assets/images/59687ffffc2042f885062ce2b0744381.png","200","ASSETS_CAPTURED","NOT_TESTED","PENDING_OWNER_REVIEW",""
"https://www.40daysofholiness.com/day22","IMAGE","https://static.wixstatic.com/media/c4950a168a9048a590a4a24b6be69e06.png/v1/fill/w_30,h_30,al_c,q_85,usm_0.66_1.00_0.01,enc_avif,quality_auto/c4950a168a9048a590a4a24b6be69e06.png","SoundCloud","assets/images/c4950a168a9048a590a4a24b6be69e06.png","200","ASSETS_CAPTURED","NOT_TESTED","PENDING_OWNER_REVIEW",""
"https://www.40daysofholiness.com/day22","IMAGE","https://static.wixstatic.com/media/48a2a42b19814efaa824450f23e8a253.png/v1/fill/w_30,h_30,al_c,q_85,usm_0.66_1.00_0.01,enc_avif,quality_auto/48a2a42b19814efaa824450f23e8a253.png","LinkedIn","assets/images/48a2a42b19814efaa824450f23e8a253.png","200","ASSETS_CAPTURED","NOT_TESTED","PENDING_OWNER_REVIEW",""
"https://www.40daysofholiness.com/day22","IMAGE","https://static.wixstatic.com/media/e316f544f9094143b9eac01f1f19e697.png/v1/fill/w_30,h_30,al_c,q_85,usm_0.66_1.00_0.01,enc_avif,quality_auto/e316f544f9094143b9eac01f1f19e697.png","Facebook","assets/images/e316f544f9094143b9eac01f1f19e697.png","200","ASSETS_CAPTURED","NOT_TESTED","PENDING_OWNER_REVIEW",""
"https://www.40daysofholiness.com/day22","IMAGE","https://static.wixstatic.com/media/44eb1e29ffa34198aee01e8d4f305903.png/v1/fill/w_30,h_30,al_c,q_85,usm_0.66_1.00_0.01,enc_avif,quality_auto/44eb1e29ffa34198aee01e8d4f305903.png","YouTube","assets/images/44eb1e29ffa34198aee01e8d4f305903.png","200","ASSETS_CAPTURED","NOT_TESTED","PENDING_OWNER_REVIEW",""
"https://www.40daysofholiness.com/day22","IMAGE","https://static.wixstatic.com/media/59687ffffc2042f885062ce2b0744381.png/v1/fill/w_30,h_30,al_c,q_85,usm_0.66_1.00_0.01,enc_avif,quality_auto/59687ffffc2042f885062ce2b0744381.png","Twitter","assets/images/59687ffffc2042f885062ce2b0744381.png","200","ASSETS_CAPTURED","NOT_TESTED","PENDING_OWNER_REVIEW",""
"https://www.40daysofholiness.com/day23","IMAGE","https://static.wixstatic.com/media/c4950a168a9048a590a4a24b6be69e06.png/v1/fill/w_30,h_30,al_c,q_85,usm_0.66_1.00_0.01,enc_avif,quality_auto/c4950a168a9048a590a4a24b6be69e06.png","SoundCloud","assets/images/c4950a168a9048a590a4a24b6be69e06.png","200","ASSETS_CAPTURED","NOT_TESTED","PENDING_OWNER_REVIEW",""
"https://www.40daysofholiness.com/day23","IMAGE","https://static.wixstatic.com/media/48a2a42b19814efaa824450f23e8a253.png/v1/fill/w_30,h_30,al_c,q_85,usm_0.66_1.00_0.01,enc_avif,quality_auto/48a2a42b19814efaa824450f23e8a253.png","LinkedIn","assets/images/48a2a42b19814efaa824450f23e8a253.png","200","ASSETS_CAPTURED","NOT_TESTED","PENDING_OWNER_REVIEW",""
"https://www.40daysofholiness.com/day23","IMAGE","https://static.wixstatic.com/media/e316f544f9094143b9eac01f1f19e697.png/v1/fill/w_30,h_30,al_c,q_85,usm_0.66_1.00_0.01,enc_avif,quality_auto/e316f544f9094143b9eac01f1f19e697.png","Facebook","assets/images/e316f544f9094143b9eac01f1f19e697.png","200","ASSETS_CAPTURED","NOT_TESTED","PENDING_OWNER_REVIEW",""
"https://www.40daysofholiness.com/day23","IMAGE","https://static.wixstatic.com/media/44eb1e29ffa34198aee01e8d4f305903.png/v1/fill/w_30,h_30,al_c,q_85,usm_0.66_1.00_0.01,enc_avif,quality_auto/44eb1e29ffa34198aee01e8d4f305903.png","YouTube","assets/images/44eb1e29ffa34198aee01e8d4f305903.png","200","ASSETS_CAPTURED","NOT_TESTED","PENDING_OWNER_REVIEW",""
"https://www.40daysofholiness.com/day23","IMAGE","https://static.wixstatic.com/media/59687ffffc2042f885062ce2b0744381.png/v1/fill/w_30,h_30,al_c,q_85,usm_0.66_1.00_0.01,enc_avif,quality_auto/59687ffffc2042f885062ce2b0744381.png","Twitter","assets/images/59687ffffc2042f885062ce2b0744381.png","200","ASSETS_CAPTURED","NOT_TESTED","PENDING_OWNER_REVIEW",""
"https://www.40daysofholiness.com/day24","IMAGE","https://static.wixstatic.com/media/c4950a168a9048a590a4a24b6be69e06.png/v1/fill/w_30,h_30,al_c,q_85,usm_0.66_1.00_0.01,enc_avif,quality_auto/c4950a168a9048a590a4a24b6be69e06.png","SoundCloud","assets/images/c4950a168a9048a590a4a24b6be69e06.png","200","ASSETS_CAPTURED","NOT_TESTED","PENDING_OWNER_REVIEW",""
"https://www.40daysofholiness.com/day24","IMAGE","https://static.wixstatic.com/media/48a2a42b19814efaa824450f23e8a253.png/v1/fill/w_30,h_30,al_c,q_85,usm_0.66_1.00_0.01,enc_avif,quality_auto/48a2a42b19814efaa824450f23e8a253.png","LinkedIn","assets/images/48a2a42b19814efaa824450f23e8a253.png","200","ASSETS_CAPTURED","NOT_TESTED","PENDING_OWNER_REVIEW",""
"https://www.40daysofholiness.com/day24","IMAGE","https://static.wixstatic.com/media/e316f544f9094143b9eac01f1f19e697.png/v1/fill/w_30,h_30,al_c,q_85,usm_0.66_1.00_0.01,enc_avif,quality_auto/e316f544f9094143b9eac01f1f19e697.png","Facebook","assets/images/e316f544f9094143b9eac01f1f19e697.png","200","ASSETS_CAPTURED","NOT_TESTED","PENDING_OWNER_REVIEW",""
"https://www.40daysofholiness.com/day24","IMAGE","https://static.wixstatic.com/media/44eb1e29ffa34198aee01e8d4f305903.png/v1/fill/w_30,h_30,al_c,q_85,usm_0.66_1.00_0.01,enc_avif,quality_auto/44eb1e29ffa34198aee01e8d4f305903.png","YouTube","assets/images/44eb1e29ffa34198aee01e8d4f305903.png","200","ASSETS_CAPTURED","NOT_TESTED","PENDING_OWNER_REVIEW",""
"https://www.40daysofholiness.com/day24","IMAGE","https://static.wixstatic.com/media/59687ffffc2042f885062ce2b0744381.png/v1/fill/w_30,h_30,al_c,q_85,usm_0.66_1.00_0.01,enc_avif,quality_auto/59687ffffc2042f885062ce2b0744381.png","Twitter","assets/images/59687ffffc2042f885062ce2b0744381.png","200","ASSETS_CAPTURED","NOT_TESTED","PENDING_OWNER_REVIEW",""
"https://www.40daysofholiness.com/day25","IMAGE","https://static.wixstatic.com/media/c4950a168a9048a590a4a24b6be69e06.png/v1/fill/w_30,h_30,al_c,q_85,usm_0.66_1.00_0.01,enc_avif,quality_auto/c4950a168a9048a590a4a24b6be69e06.png","SoundCloud","assets/images/c4950a168a9048a590a4a24b6be69e06.png","200","ASSETS_CAPTURED","NOT_TESTED","PENDING_OWNER_REVIEW",""
"https://www.40daysofholiness.com/day25","IMAGE","https://static.wixstatic.com/media/48a2a42b19814efaa824450f23e8a253.png/v1/fill/w_30,h_30,al_c,q_85,usm_0.66_1.00_0.01,enc_avif,quality_auto/48a2a42b19814efaa824450f23e8a253.png","LinkedIn","assets/images/48a2a42b19814efaa824450f23e8a253.png","200","ASSETS_CAPTURED","NOT_TESTED","PENDING_OWNER_REVIEW",""
"https://www.40daysofholiness.com/day25","IMAGE","https://static.wixstatic.com/media/e316f544f9094143b9eac01f1f19e697.png/v1/fill/w_30,h_30,al_c,q_85,usm_0.66_1.00_0.01,enc_avif,quality_auto/e316f544f9094143b9eac01f1f19e697.png","Facebook","assets/images/e316f544f9094143b9eac01f1f19e697.png","200","ASSETS_CAPTURED","NOT_TESTED","PENDING_OWNER_REVIEW",""
"https://www.40daysofholiness.com/day25","IMAGE","https://static.wixstatic.com/media/44eb1e29ffa34198aee01e8d4f305903.png/v1/fill/w_30,h_30,al_c,q_85,usm_0.66_1.00_0.01,enc_avif,quality_auto/44eb1e29ffa34198aee01e8d4f305903.png","YouTube","assets/images/44eb1e29ffa34198aee01e8d4f305903.png","200","ASSETS_CAPTURED","NOT_TESTED","PENDING_OWNER_REVIEW",""
"https://www.40daysofholiness.com/day25","IMAGE","https://static.wixstatic.com/media/59687ffffc2042f885062ce2b0744381.png/v1/fill/w_30,h_30,al_c,q_85,usm_0.66_1.00_0.01,enc_avif,quality_auto/59687ffffc2042f885062ce2b0744381.png","Twitter","assets/images/59687ffffc2042f885062ce2b0744381.png","200","ASSETS_CAPTURED","NOT_TESTED","PENDING_OWNER_REVIEW",""
"https://www.40daysofholiness.com/day26","IMAGE","https://static.wixstatic.com/media/c4950a168a9048a590a4a24b6be69e06.png/v1/fill/w_30,h_30,al_c,q_85,usm_0.66_1.00_0.01,enc_avif,quality_auto/c4950a168a9048a590a4a24b6be69e06.png","SoundCloud","assets/images/c4950a168a9048a590a4a24b6be69e06.png","200","ASSETS_CAPTURED","NOT_TESTED","PENDING_OWNER_REVIEW",""
"https://www.40daysofholiness.com/day26","IMAGE","https://static.wixstatic.com/media/48a2a42b19814efaa824450f23e8a253.png/v1/fill/w_30,h_30,al_c,q_85,usm_0.66_1.00_0.01,enc_avif,quality_auto/48a2a42b19814efaa824450f23e8a253.png","LinkedIn","assets/images/48a2a42b19814efaa824450f23e8a253.png","200","ASSETS_CAPTURED","NOT_TESTED","PENDING_OWNER_REVIEW",""
"https://www.40daysofholiness.com/day26","IMAGE","https://static.wixstatic.com/media/e316f544f9094143b9eac01f1f19e697.png/v1/fill/w_30,h_30,al_c,q_85,usm_0.66_1.00_0.01,enc_avif,quality_auto/e316f544f9094143b9eac01f1f19e697.png","Facebook","assets/images/e316f544f9094143b9eac01f1f19e697.png","200","ASSETS_CAPTURED","NOT_TESTED","PENDING_OWNER_REVIEW",""
"https://www.40daysofholiness.com/day26","IMAGE","https://static.wixstatic.com/media/44eb1e29ffa34198aee01e8d4f305903.png/v1/fill/w_30,h_30,al_c,q_85,usm_0.66_1.00_0.01,enc_avif,quality_auto/44eb1e29ffa34198aee01e8d4f305903.png","YouTube","assets/images/44eb1e29ffa34198aee01e8d4f305903.png","200","ASSETS_CAPTURED","NOT_TESTED","PENDING_OWNER_REVIEW",""
"https://www.40daysofholiness.com/day26","IMAGE","https://static.wixstatic.com/media/59687ffffc2042f885062ce2b0744381.png/v1/fill/w_30,h_30,al_c,q_85,usm_0.66_1.00_0.01,enc_avif,quality_auto/59687ffffc2042f885062ce2b0744381.png","Twitter","assets/images/59687ffffc2042f885062ce2b0744381.png","200","ASSETS_CAPTURED","NOT_TESTED","PENDING_OWNER_REVIEW",""
"https://www.40daysofholiness.com/day27","IMAGE","https://static.wixstatic.com/media/c4950a168a9048a590a4a24b6be69e06.png/v1/fill/w_30,h_30,al_c,q_85,usm_0.66_1.00_0.01,enc_avif,quality_auto/c4950a168a9048a590a4a24b6be69e06.png","SoundCloud","assets/images/c4950a168a9048a590a4a24b6be69e06.png","200","ASSETS_CAPTURED","NOT_TESTED","PENDING_OWNER_REVIEW",""
"https://www.40daysofholiness.com/day27","IMAGE","https://static.wixstatic.com/media/48a2a42b19814efaa824450f23e8a253.png/v1/fill/w_30,h_30,al_c,q_85,usm_0.66_1.00_0.01,enc_avif,quality_auto/48a2a42b19814efaa824450f23e8a253.png","LinkedIn","assets/images/48a2a42b19814efaa824450f23e8a253.png","200","ASSETS_CAPTURED","NOT_TESTED","PENDING_OWNER_REVIEW",""
"https://www.40daysofholiness.com/day27","IMAGE","https://static.wixstatic.com/media/e316f544f9094143b9eac01f1f19e697.png/v1/fill/w_30,h_30,al_c,q_85,usm_0.66_1.00_0.01,enc_avif,quality_auto/e316f544f9094143b9eac01f1f19e697.png","Facebook","assets/images/e316f544f9094143b9eac01f1f19e697.png","200","ASSETS_CAPTURED","NOT_TESTED","PENDING_OWNER_REVIEW",""
"https://www.40daysofholiness.com/day27","IMAGE","https://static.wixstatic.com/media/44eb1e29ffa34198aee01e8d4f305903.png/v1/fill/w_30,h_30,al_c,q_85,usm_0.66_1.00_0.01,enc_avif,quality_auto/44eb1e29ffa34198aee01e8d4f305903.png","YouTube","assets/images/44eb1e29ffa34198aee01e8d4f305903.png","200","ASSETS_CAPTURED","NOT_TESTED","PENDING_OWNER_REVIEW",""
"https://www.40daysofholiness.com/day27","IMAGE","https://static.wixstatic.com/media/59687ffffc2042f885062ce2b0744381.png/v1/fill/w_30,h_30,al_c,q_85,usm_0.66_1.00_0.01,enc_avif,quality_auto/59687ffffc2042f885062ce2b0744381.png","Twitter","assets/images/59687ffffc2042f885062ce2b0744381.png","200","ASSETS_CAPTURED","NOT_TESTED","PENDING_OWNER_REVIEW",""
"https://www.40daysofholiness.com/day28","IMAGE","https://static.wixstatic.com/media/c4950a168a9048a590a4a24b6be69e06.png/v1/fill/w_30,h_30,al_c,q_85,usm_0.66_1.00_0.01,enc_avif,quality_auto/c4950a168a9048a590a4a24b6be69e06.png","SoundCloud","assets/images/c4950a168a9048a590a4a24b6be69e06.png","200","ASSETS_CAPTURED","NOT_TESTED","PENDING_OWNER_REVIEW",""
"https://www.40daysofholiness.com/day28","IMAGE","https://static.wixstatic.com/media/48a2a42b19814efaa824450f23e8a253.png/v1/fill/w_30,h_30,al_c,q_85,usm_0.66_1.00_0.01,enc_avif,quality_auto/48a2a42b19814efaa824450f23e8a253.png","LinkedIn","assets/images/48a2a42b19814efaa824450f23e8a253.png","200","ASSETS_CAPTURED","NOT_TESTED","PENDING_OWNER_REVIEW",""
"https://www.40daysofholiness.com/day28","IMAGE","https://static.wixstatic.com/media/e316f544f9094143b9eac01f1f19e697.png/v1/fill/w_30,h_30,al_c,q_85,usm_0.66_1.00_0.01,enc_avif,quality_auto/e316f544f9094143b9eac01f1f19e697.png","Facebook","assets/images/e316f544f9094143b9eac01f1f19e697.png","200","ASSETS_CAPTURED","NOT_TESTED","PENDING_OWNER_REVIEW",""
"https://www.40daysofholiness.com/day28","IMAGE","https://static.wixstatic.com/media/44eb1e29ffa34198aee01e8d4f305903.png/v1/fill/w_30,h_30,al_c,q_85,usm_0.66_1.00_0.01,enc_avif,quality_auto/44eb1e29ffa34198aee01e8d4f305903.png","YouTube","assets/images/44eb1e29ffa34198aee01e8d4f305903.png","200","ASSETS_CAPTURED","NOT_TESTED","PENDING_OWNER_REVIEW",""
"https://www.40daysofholiness.com/day28","IMAGE","https://static.wixstatic.com/media/59687ffffc2042f885062ce2b0744381.png/v1/fill/w_30,h_30,al_c,q_85,usm_0.66_1.00_0.01,enc_avif,quality_auto/59687ffffc2042f885062ce2b0744381.png","Twitter","assets/images/59687ffffc2042f885062ce2b0744381.png","200","ASSETS_CAPTURED","NOT_TESTED","PENDING_OWNER_REVIEW",""
"https://www.40daysofholiness.com/day29","IMAGE","https://static.wixstatic.com/media/c4950a168a9048a590a4a24b6be69e06.png/v1/fill/w_30,h_30,al_c,q_85,usm_0.66_1.00_0.01,enc_avif,quality_auto/c4950a168a9048a590a4a24b6be69e06.png","SoundCloud","assets/images/c4950a168a9048a590a4a24b6be69e06.png","200","ASSETS_CAPTURED","NOT_TESTED","PENDING_OWNER_REVIEW",""
"https://www.40daysofholiness.com/day29","IMAGE","https://static.wixstatic.com/media/48a2a42b19814efaa824450f23e8a253.png/v1/fill/w_30,h_30,al_c,q_85,usm_0.66_1.00_0.01,enc_avif,quality_auto/48a2a42b19814efaa824450f23e8a253.png","LinkedIn","assets/images/48a2a42b19814efaa824450f23e8a253.png","200","ASSETS_CAPTURED","NOT_TESTED","PENDING_OWNER_REVIEW",""
"https://www.40daysofholiness.com/day29","IMAGE","https://static.wixstatic.com/media/e316f544f9094143b9eac01f1f19e697.png/v1/fill/w_30,h_30,al_c,q_85,usm_0.66_1.00_0.01,enc_avif,quality_auto/e316f544f9094143b9eac01f1f19e697.png","Facebook","assets/images/e316f544f9094143b9eac01f1f19e697.png","200","ASSETS_CAPTURED","NOT_TESTED","PENDING_OWNER_REVIEW",""
"https://www.40daysofholiness.com/day29","IMAGE","https://static.wixstatic.com/media/44eb1e29ffa34198aee01e8d4f305903.png/v1/fill/w_30,h_30,al_c,q_85,usm_0.66_1.00_0.01,enc_avif,quality_auto/44eb1e29ffa34198aee01e8d4f305903.png","YouTube","assets/images/44eb1e29ffa34198aee01e8d4f305903.png","200","ASSETS_CAPTURED","NOT_TESTED","PENDING_OWNER_REVIEW",""
"https://www.40daysofholiness.com/day29","IMAGE","https://static.wixstatic.com/media/59687ffffc2042f885062ce2b0744381.png/v1/fill/w_30,h_30,al_c,q_85,usm_0.66_1.00_0.01,enc_avif,quality_auto/59687ffffc2042f885062ce2b0744381.png","Twitter","assets/images/59687ffffc2042f885062ce2b0744381.png","200","ASSETS_CAPTURED","NOT_TESTED","PENDING_OWNER_REVIEW",""
"https://www.40daysofholiness.com/day30","IMAGE","https://static.wixstatic.com/media/c4950a168a9048a590a4a24b6be69e06.png/v1/fill/w_30,h_30,al_c,q_85,usm_0.66_1.00_0.01,enc_avif,quality_auto/c4950a168a9048a590a4a24b6be69e06.png","SoundCloud","assets/images/c4950a168a9048a590a4a24b6be69e06.png","200","ASSETS_CAPTURED","NOT_TESTED","PENDING_OWNER_REVIEW",""
"https://www.40daysofholiness.com/day30","IMAGE","https://static.wixstatic.com/media/48a2a42b19814efaa824450f23e8a253.png/v1/fill/w_30,h_30,al_c,q_85,usm_0.66_1.00_0.01,enc_avif,quality_auto/48a2a42b19814efaa824450f23e8a253.png","LinkedIn","assets/images/48a2a42b19814efaa824450f23e8a253.png","200","ASSETS_CAPTURED","NOT_TESTED","PENDING_OWNER_REVIEW",""
"https://www.40daysofholiness.com/day30","IMAGE","https://static.wixstatic.com/media/e316f544f9094143b9eac01f1f19e697.png/v1/fill/w_30,h_30,al_c,q_85,usm_0.66_1.00_0.01,enc_avif,quality_auto/e316f544f9094143b9eac01f1f19e697.png","Facebook","assets/images/e316f544f9094143b9eac01f1f19e697.png","200","ASSETS_CAPTURED","NOT_TESTED","PENDING_OWNER_REVIEW",""
"https://www.40daysofholiness.com/day30","IMAGE","https://static.wixstatic.com/media/44eb1e29ffa34198aee01e8d4f305903.png/v1/fill/w_30,h_30,al_c,q_85,usm_0.66_1.00_0.01,enc_avif,quality_auto/44eb1e29ffa34198aee01e8d4f305903.png","YouTube","assets/images/44eb1e29ffa34198aee01e8d4f305903.png","200","ASSETS_CAPTURED","NOT_TESTED","PENDING_OWNER_REVIEW",""
"https://www.40daysofholiness.com/day30","IMAGE","https://static.wixstatic.com/media/59687ffffc2042f885062ce2b0744381.png/v1/fill/w_30,h_30,al_c,q_85,usm_0.66_1.00_0.01,enc_avif,quality_auto/59687ffffc2042f885062ce2b0744381.png","Twitter","assets/images/59687ffffc2042f885062ce2b0744381.png","200","ASSETS_CAPTURED","NOT_TESTED","PENDING_OWNER_REVIEW",""
"https://www.40daysofholiness.com/day31","IMAGE","https://static.wixstatic.com/media/c4950a168a9048a590a4a24b6be69e06.png/v1/fill/w_30,h_30,al_c,q_85,usm_0.66_1.00_0.01,enc_avif,quality_auto/c4950a168a9048a590a4a24b6be69e06.png","SoundCloud","assets/images/c4950a168a9048a590a4a24b6be69e06.png","200","ASSETS_CAPTURED","NOT_TESTED","PENDING_OWNER_REVIEW",""
"https://www.40daysofholiness.com/day31","IMAGE","https://static.wixstatic.com/media/48a2a42b19814efaa824450f23e8a253.png/v1/fill/w_30,h_30,al_c,q_85,usm_0.66_1.00_0.01,enc_avif,quality_auto/48a2a42b19814efaa824450f23e8a253.png","LinkedIn","assets/images/48a2a42b19814efaa824450f23e8a253.png","200","ASSETS_CAPTURED","NOT_TESTED","PENDING_OWNER_REVIEW",""
"https://www.40daysofholiness.com/day31","IMAGE","https://static.wixstatic.com/media/e316f544f9094143b9eac01f1f19e697.png/v1/fill/w_30,h_30,al_c,q_85,usm_0.66_1.00_0.01,enc_avif,quality_auto/e316f544f9094143b9eac01f1f19e697.png","Facebook","assets/images/e316f544f9094143b9eac01f1f19e697.png","200","ASSETS_CAPTURED","NOT_TESTED","PENDING_OWNER_REVIEW",""
"https://www.40daysofholiness.com/day31","IMAGE","https://static.wixstatic.com/media/44eb1e29ffa34198aee01e8d4f305903.png/v1/fill/w_30,h_30,al_c,q_85,usm_0.66_1.00_0.01,enc_avif,quality_auto/44eb1e29ffa34198aee01e8d4f305903.png","YouTube","assets/images/44eb1e29ffa34198aee01e8d4f305903.png","200","ASSETS_CAPTURED","NOT_TESTED","PENDING_OWNER_REVIEW",""
"https://www.40daysofholiness.com/day31","IMAGE","https://static.wixstatic.com/media/59687ffffc2042f885062ce2b0744381.png/v1/fill/w_30,h_30,al_c,q_85,usm_0.66_1.00_0.01,enc_avif,quality_auto/59687ffffc2042f885062ce2b0744381.png","Twitter","assets/images/59687ffffc2042f885062ce2b0744381.png","200","ASSETS_CAPTURED","NOT_TESTED","PENDING_OWNER_REVIEW",""
"https://www.40daysofholiness.com/day32","IMAGE","https://static.wixstatic.com/media/c4950a168a9048a590a4a24b6be69e06.png/v1/fill/w_30,h_30,al_c,q_85,usm_0.66_1.00_0.01,enc_avif,quality_auto/c4950a168a9048a590a4a24b6be69e06.png","SoundCloud","assets/images/c4950a168a9048a590a4a24b6be69e06.png","200","ASSETS_CAPTURED","NOT_TESTED","PENDING_OWNER_REVIEW",""
"https://www.40daysofholiness.com/day32","IMAGE","https://static.wixstatic.com/media/48a2a42b19814efaa824450f23e8a253.png/v1/fill/w_30,h_30,al_c,q_85,usm_0.66_1.00_0.01,enc_avif,quality_auto/48a2a42b19814efaa824450f23e8a253.png","LinkedIn","assets/images/48a2a42b19814efaa824450f23e8a253.png","200","ASSETS_CAPTURED","NOT_TESTED","PENDING_OWNER_REVIEW",""
"https://www.40daysofholiness.com/day32","IMAGE","https://static.wixstatic.com/media/e316f544f9094143b9eac01f1f19e697.png/v1/fill/w_30,h_30,al_c,q_85,usm_0.66_1.00_0.01,enc_avif,quality_auto/e316f544f9094143b9eac01f1f19e697.png","Facebook","assets/images/e316f544f9094143b9eac01f1f19e697.png","200","ASSETS_CAPTURED","NOT_TESTED","PENDING_OWNER_REVIEW",""
"https://www.40daysofholiness.com/day32","IMAGE","https://static.wixstatic.com/media/44eb1e29ffa34198aee01e8d4f305903.png/v1/fill/w_30,h_30,al_c,q_85,usm_0.66_1.00_0.01,enc_avif,quality_auto/44eb1e29ffa34198aee01e8d4f305903.png","YouTube","assets/images/44eb1e29ffa34198aee01e8d4f305903.png","200","ASSETS_CAPTURED","NOT_TESTED","PENDING_OWNER_REVIEW",""
"https://www.40daysofholiness.com/day32","IMAGE","https://static.wixstatic.com/media/59687ffffc2042f885062ce2b0744381.png/v1/fill/w_30,h_30,al_c,q_85,usm_0.66_1.00_0.01,enc_avif,quality_auto/59687ffffc2042f885062ce2b0744381.png","Twitter","assets/images/59687ffffc2042f885062ce2b0744381.png","200","ASSETS_CAPTURED","NOT_TESTED","PENDING_OWNER_REVIEW",""
"https://www.40daysofholiness.com/day33","IMAGE","https://static.wixstatic.com/media/c4950a168a9048a590a4a24b6be69e06.png/v1/fill/w_30,h_30,al_c,q_85,usm_0.66_1.00_0.01,enc_avif,quality_auto/c4950a168a9048a590a4a24b6be69e06.png","SoundCloud","assets/images/c4950a168a9048a590a4a24b6be69e06.png","200","ASSETS_CAPTURED","NOT_TESTED","PENDING_OWNER_REVIEW",""
"https://www.40daysofholiness.com/day33","IMAGE","https://static.wixstatic.com/media/48a2a42b19814efaa824450f23e8a253.png/v1/fill/w_30,h_30,al_c,q_85,usm_0.66_1.00_0.01,enc_avif,quality_auto/48a2a42b19814efaa824450f23e8a253.png","LinkedIn","assets/images/48a2a42b19814efaa824450f23e8a253.png","200","ASSETS_CAPTURED","NOT_TESTED","PENDING_OWNER_REVIEW",""
"https://www.40daysofholiness.com/day33","IMAGE","https://static.wixstatic.com/media/e316f544f9094143b9eac01f1f19e697.png/v1/fill/w_30,h_30,al_c,q_85,usm_0.66_1.00_0.01,enc_avif,quality_auto/e316f544f9094143b9eac01f1f19e697.png","Facebook","assets/images/e316f544f9094143b9eac01f1f19e697.png","200","ASSETS_CAPTURED","NOT_TESTED","PENDING_OWNER_REVIEW",""
"https://www.40daysofholiness.com/day33","IMAGE","https://static.wixstatic.com/media/44eb1e29ffa34198aee01e8d4f305903.png/v1/fill/w_30,h_30,al_c,q_85,usm_0.66_1.00_0.01,enc_avif,quality_auto/44eb1e29ffa34198aee01e8d4f305903.png","YouTube","assets/images/44eb1e29ffa34198aee01e8d4f305903.png","200","ASSETS_CAPTURED","NOT_TESTED","PENDING_OWNER_REVIEW",""
"https://www.40daysofholiness.com/day33","IMAGE","https://static.wixstatic.com/media/59687ffffc2042f885062ce2b0744381.png/v1/fill/w_30,h_30,al_c,q_85,usm_0.66_1.00_0.01,enc_avif,quality_auto/59687ffffc2042f885062ce2b0744381.png","Twitter","assets/images/59687ffffc2042f885062ce2b0744381.png","200","ASSETS_CAPTURED","NOT_TESTED","PENDING_OWNER_REVIEW",""
"https://www.40daysofholiness.com/day34","IMAGE","https://static.wixstatic.com/media/c4950a168a9048a590a4a24b6be69e06.png/v1/fill/w_30,h_30,al_c,q_85,usm_0.66_1.00_0.01,enc_avif,quality_auto/c4950a168a9048a590a4a24b6be69e06.png","SoundCloud","assets/images/c4950a168a9048a590a4a24b6be69e06.png","200","ASSETS_CAPTURED","NOT_TESTED","PENDING_OWNER_REVIEW",""
"https://www.40daysofholiness.com/day34","IMAGE","https://static.wixstatic.com/media/48a2a42b19814efaa824450f23e8a253.png/v1/fill/w_30,h_30,al_c,q_85,usm_0.66_1.00_0.01,enc_avif,quality_auto/48a2a42b19814efaa824450f23e8a253.png","LinkedIn","assets/images/48a2a42b19814efaa824450f23e8a253.png","200","ASSETS_CAPTURED","NOT_TESTED","PENDING_OWNER_REVIEW",""
"https://www.40daysofholiness.com/day34","IMAGE","https://static.wixstatic.com/media/e316f544f9094143b9eac01f1f19e697.png/v1/fill/w_30,h_30,al_c,q_85,usm_0.66_1.00_0.01,enc_avif,quality_auto/e316f544f9094143b9eac01f1f19e697.png","Facebook","assets/images/e316f544f9094143b9eac01f1f19e697.png","200","ASSETS_CAPTURED","NOT_TESTED","PENDING_OWNER_REVIEW",""
"https://www.40daysofholiness.com/day34","IMAGE","https://static.wixstatic.com/media/44eb1e29ffa34198aee01e8d4f305903.png/v1/fill/w_30,h_30,al_c,q_85,usm_0.66_1.00_0.01,enc_avif,quality_auto/44eb1e29ffa34198aee01e8d4f305903.png","YouTube","assets/images/44eb1e29ffa34198aee01e8d4f305903.png","200","ASSETS_CAPTURED","NOT_TESTED","PENDING_OWNER_REVIEW",""
"https://www.40daysofholiness.com/day34","IMAGE","https://static.wixstatic.com/media/59687ffffc2042f885062ce2b0744381.png/v1/fill/w_30,h_30,al_c,q_85,usm_0.66_1.00_0.01,enc_avif,quality_auto/59687ffffc2042f885062ce2b0744381.png","Twitter","assets/images/59687ffffc2042f885062ce2b0744381.png","200","ASSETS_CAPTURED","NOT_TESTED","PENDING_OWNER_REVIEW",""
"https://www.40daysofholiness.com/day35","IMAGE","https://static.wixstatic.com/media/c4950a168a9048a590a4a24b6be69e06.png/v1/fill/w_30,h_30,al_c,q_85,usm_0.66_1.00_0.01,enc_avif,quality_auto/c4950a168a9048a590a4a24b6be69e06.png","SoundCloud","assets/images/c4950a168a9048a590a4a24b6be69e06.png","200","ASSETS_CAPTURED","NOT_TESTED","PENDING_OWNER_REVIEW",""
"https://www.40daysofholiness.com/day35","IMAGE","https://static.wixstatic.com/media/48a2a42b19814efaa824450f23e8a253.png/v1/fill/w_30,h_30,al_c,q_85,usm_0.66_1.00_0.01,enc_avif,quality_auto/48a2a42b19814efaa824450f23e8a253.png","LinkedIn","assets/images/48a2a42b19814efaa824450f23e8a253.png","200","ASSETS_CAPTURED","NOT_TESTED","PENDING_OWNER_REVIEW",""
"https://www.40daysofholiness.com/day35","IMAGE","https://static.wixstatic.com/media/e316f544f9094143b9eac01f1f19e697.png/v1/fill/w_30,h_30,al_c,q_85,usm_0.66_1.00_0.01,enc_avif,quality_auto/e316f544f9094143b9eac01f1f19e697.png","Facebook","assets/images/e316f544f9094143b9eac01f1f19e697.png","200","ASSETS_CAPTURED","NOT_TESTED","PENDING_OWNER_REVIEW",""
"https://www.40daysofholiness.com/day35","IMAGE","https://static.wixstatic.com/media/44eb1e29ffa34198aee01e8d4f305903.png/v1/fill/w_30,h_30,al_c,q_85,usm_0.66_1.00_0.01,enc_avif,quality_auto/44eb1e29ffa34198aee01e8d4f305903.png","YouTube","assets/images/44eb1e29ffa34198aee01e8d4f305903.png","200","ASSETS_CAPTURED","NOT_TESTED","PENDING_OWNER_REVIEW",""
"https://www.40daysofholiness.com/day35","IMAGE","https://static.wixstatic.com/media/59687ffffc2042f885062ce2b0744381.png/v1/fill/w_30,h_30,al_c,q_85,usm_0.66_1.00_0.01,enc_avif,quality_auto/59687ffffc2042f885062ce2b0744381.png","Twitter","assets/images/59687ffffc2042f885062ce2b0744381.png","200","ASSETS_CAPTURED","NOT_TESTED","PENDING_OWNER_REVIEW",""
"https://www.40daysofholiness.com/day36","IMAGE","https://static.wixstatic.com/media/c4950a168a9048a590a4a24b6be69e06.png/v1/fill/w_30,h_30,al_c,q_85,usm_0.66_1.00_0.01,enc_avif,quality_auto/c4950a168a9048a590a4a24b6be69e06.png","SoundCloud","assets/images/c4950a168a9048a590a4a24b6be69e06.png","200","ASSETS_CAPTURED","NOT_TESTED","PENDING_OWNER_REVIEW",""
"https://www.40daysofholiness.com/day36","IMAGE","https://static.wixstatic.com/media/48a2a42b19814efaa824450f23e8a253.png/v1/fill/w_30,h_30,al_c,q_85,usm_0.66_1.00_0.01,enc_avif,quality_auto/48a2a42b19814efaa824450f23e8a253.png","LinkedIn","assets/images/48a2a42b19814efaa824450f23e8a253.png","200","ASSETS_CAPTURED","NOT_TESTED","PENDING_OWNER_REVIEW",""
"https://www.40daysofholiness.com/day36","IMAGE","https://static.wixstatic.com/media/e316f544f9094143b9eac01f1f19e697.png/v1/fill/w_30,h_30,al_c,q_85,usm_0.66_1.00_0.01,enc_avif,quality_auto/e316f544f9094143b9eac01f1f19e697.png","Facebook","assets/images/e316f544f9094143b9eac01f1f19e697.png","200","ASSETS_CAPTURED","NOT_TESTED","PENDING_OWNER_REVIEW",""
"https://www.40daysofholiness.com/day36","IMAGE","https://static.wixstatic.com/media/44eb1e29ffa34198aee01e8d4f305903.png/v1/fill/w_30,h_30,al_c,q_85,usm_0.66_1.00_0.01,enc_avif,quality_auto/44eb1e29ffa34198aee01e8d4f305903.png","YouTube","assets/images/44eb1e29ffa34198aee01e8d4f305903.png","200","ASSETS_CAPTURED","NOT_TESTED","PENDING_OWNER_REVIEW",""
"https://www.40daysofholiness.com/day36","IMAGE","https://static.wixstatic.com/media/59687ffffc2042f885062ce2b0744381.png/v1/fill/w_30,h_30,al_c,q_85,usm_0.66_1.00_0.01,enc_avif,quality_auto/59687ffffc2042f885062ce2b0744381.png","Twitter","assets/images/59687ffffc2042f885062ce2b0744381.png","200","ASSETS_CAPTURED","NOT_TESTED","PENDING_OWNER_REVIEW",""
"https://www.40daysofholiness.com/day37","IMAGE","https://static.wixstatic.com/media/c4950a168a9048a590a4a24b6be69e06.png/v1/fill/w_30,h_30,al_c,q_85,usm_0.66_1.00_0.01,enc_avif,quality_auto/c4950a168a9048a590a4a24b6be69e06.png","SoundCloud","assets/images/c4950a168a9048a590a4a24b6be69e06.png","200","ASSETS_CAPTURED","NOT_TESTED","PENDING_OWNER_REVIEW",""
"https://www.40daysofholiness.com/day37","IMAGE","https://static.wixstatic.com/media/48a2a42b19814efaa824450f23e8a253.png/v1/fill/w_30,h_30,al_c,q_85,usm_0.66_1.00_0.01,enc_avif,quality_auto/48a2a42b19814efaa824450f23e8a253.png","LinkedIn","assets/images/48a2a42b19814efaa824450f23e8a253.png","200","ASSETS_CAPTURED","NOT_TESTED","PENDING_OWNER_REVIEW",""
"https://www.40daysofholiness.com/day37","IMAGE","https://static.wixstatic.com/media/e316f544f9094143b9eac01f1f19e697.png/v1/fill/w_30,h_30,al_c,q_85,usm_0.66_1.00_0.01,enc_avif,quality_auto/e316f544f9094143b9eac01f1f19e697.png","Facebook","assets/images/e316f544f9094143b9eac01f1f19e697.png","200","ASSETS_CAPTURED","NOT_TESTED","PENDING_OWNER_REVIEW",""
"https://www.40daysofholiness.com/day37","IMAGE","https://static.wixstatic.com/media/44eb1e29ffa34198aee01e8d4f305903.png/v1/fill/w_30,h_30,al_c,q_85,usm_0.66_1.00_0.01,enc_avif,quality_auto/44eb1e29ffa34198aee01e8d4f305903.png","YouTube","assets/images/44eb1e29ffa34198aee01e8d4f305903.png","200","ASSETS_CAPTURED","NOT_TESTED","PENDING_OWNER_REVIEW",""
"https://www.40daysofholiness.com/day37","IMAGE","https://static.wixstatic.com/media/59687ffffc2042f885062ce2b0744381.png/v1/fill/w_30,h_30,al_c,q_85,usm_0.66_1.00_0.01,enc_avif,quality_auto/59687ffffc2042f885062ce2b0744381.png","Twitter","assets/images/59687ffffc2042f885062ce2b0744381.png","200","ASSETS_CAPTURED","NOT_TESTED","PENDING_OWNER_REVIEW",""
"https://www.40daysofholiness.com/day38","IMAGE","https://static.wixstatic.com/media/c4950a168a9048a590a4a24b6be69e06.png/v1/fill/w_30,h_30,al_c,q_85,usm_0.66_1.00_0.01,enc_avif,quality_auto/c4950a168a9048a590a4a24b6be69e06.png","SoundCloud","assets/images/c4950a168a9048a590a4a24b6be69e06.png","200","ASSETS_CAPTURED","NOT_TESTED","PENDING_OWNER_REVIEW",""
"https://www.40daysofholiness.com/day38","IMAGE","https://static.wixstatic.com/media/48a2a42b19814efaa824450f23e8a253.png/v1/fill/w_30,h_30,al_c,q_85,usm_0.66_1.00_0.01,enc_avif,quality_auto/48a2a42b19814efaa824450f23e8a253.png","LinkedIn","assets/images/48a2a42b19814efaa824450f23e8a253.png","200","ASSETS_CAPTURED","NOT_TESTED","PENDING_OWNER_REVIEW",""
"https://www.40daysofholiness.com/day38","IMAGE","https://static.wixstatic.com/media/e316f544f9094143b9eac01f1f19e697.png/v1/fill/w_30,h_30,al_c,q_85,usm_0.66_1.00_0.01,enc_avif,quality_auto/e316f544f9094143b9eac01f1f19e697.png","Facebook","assets/images/e316f544f9094143b9eac01f1f19e697.png","200","ASSETS_CAPTURED","NOT_TESTED","PENDING_OWNER_REVIEW",""
"https://www.40daysofholiness.com/day38","IMAGE","https://static.wixstatic.com/media/44eb1e29ffa34198aee01e8d4f305903.png/v1/fill/w_30,h_30,al_c,q_85,usm_0.66_1.00_0.01,enc_avif,quality_auto/44eb1e29ffa34198aee01e8d4f305903.png","YouTube","assets/images/44eb1e29ffa34198aee01e8d4f305903.png","200","ASSETS_CAPTURED","NOT_TESTED","PENDING_OWNER_REVIEW",""
"https://www.40daysofholiness.com/day38","IMAGE","https://static.wixstatic.com/media/59687ffffc2042f885062ce2b0744381.png/v1/fill/w_30,h_30,al_c,q_85,usm_0.66_1.00_0.01,enc_avif,quality_auto/59687ffffc2042f885062ce2b0744381.png","Twitter","assets/images/59687ffffc2042f885062ce2b0744381.png","200","ASSETS_CAPTURED","NOT_TESTED","PENDING_OWNER_REVIEW",""
"https://www.40daysofholiness.com/day39","IMAGE","https://static.wixstatic.com/media/c4950a168a9048a590a4a24b6be69e06.png/v1/fill/w_30,h_30,al_c,q_85,usm_0.66_1.00_0.01,enc_avif,quality_auto/c4950a168a9048a590a4a24b6be69e06.png","SoundCloud","assets/images/c4950a168a9048a590a4a24b6be69e06.png","200","ASSETS_CAPTURED","NOT_TESTED","PENDING_OWNER_REVIEW",""
"https://www.40daysofholiness.com/day39","IMAGE","https://static.wixstatic.com/media/48a2a42b19814efaa824450f23e8a253.png/v1/fill/w_30,h_30,al_c,q_85,usm_0.66_1.00_0.01,enc_avif,quality_auto/48a2a42b19814efaa824450f23e8a253.png","LinkedIn","assets/images/48a2a42b19814efaa824450f23e8a253.png","200","ASSETS_CAPTURED","NOT_TESTED","PENDING_OWNER_REVIEW",""
"https://www.40daysofholiness.com/day39","IMAGE","https://static.wixstatic.com/media/e316f544f9094143b9eac01f1f19e697.png/v1/fill/w_30,h_30,al_c,q_85,usm_0.66_1.00_0.01,enc_avif,quality_auto/e316f544f9094143b9eac01f1f19e697.png","Facebook","assets/images/e316f544f9094143b9eac01f1f19e697.png","200","ASSETS_CAPTURED","NOT_TESTED","PENDING_OWNER_REVIEW",""
"https://www.40daysofholiness.com/day39","IMAGE","https://static.wixstatic.com/media/44eb1e29ffa34198aee01e8d4f305903.png/v1/fill/w_30,h_30,al_c,q_85,usm_0.66_1.00_0.01,enc_avif,quality_auto/44eb1e29ffa34198aee01e8d4f305903.png","YouTube","assets/images/44eb1e29ffa34198aee01e8d4f305903.png","200","ASSETS_CAPTURED","NOT_TESTED","PENDING_OWNER_REVIEW",""
"https://www.40daysofholiness.com/day39","IMAGE","https://static.wixstatic.com/media/59687ffffc2042f885062ce2b0744381.png/v1/fill/w_30,h_30,al_c,q_85,usm_0.66_1.00_0.01,enc_avif,quality_auto/59687ffffc2042f885062ce2b0744381.png","Twitter","assets/images/59687ffffc2042f885062ce2b0744381.png","200","ASSETS_CAPTURED","NOT_TESTED","PENDING_OWNER_REVIEW",""
"https://www.40daysofholiness.com/day40","IMAGE","https://static.wixstatic.com/media/c4950a168a9048a590a4a24b6be69e06.png/v1/fill/w_30,h_30,al_c,q_85,usm_0.66_1.00_0.01,enc_avif,quality_auto/c4950a168a9048a590a4a24b6be69e06.png","SoundCloud","assets/images/c4950a168a9048a590a4a24b6be69e06.png","200","ASSETS_CAPTURED","NOT_TESTED","PENDING_OWNER_REVIEW",""
"https://www.40daysofholiness.com/day40","IMAGE","https://static.wixstatic.com/media/48a2a42b19814efaa824450f23e8a253.png/v1/fill/w_30,h_30,al_c,q_85,usm_0.66_1.00_0.01,enc_avif,quality_auto/48a2a42b19814efaa824450f23e8a253.png","LinkedIn","assets/images/48a2a42b19814efaa824450f23e8a253.png","200","ASSETS_CAPTURED","NOT_TESTED","PENDING_OWNER_REVIEW",""
"https://www.40daysofholiness.com/day40","IMAGE","https://static.wixstatic.com/media/e316f544f9094143b9eac01f1f19e697.png/v1/fill/w_30,h_30,al_c,q_85,usm_0.66_1.00_0.01,enc_avif,quality_auto/e316f544f9094143b9eac01f1f19e697.png","Facebook","assets/images/e316f544f9094143b9eac01f1f19e697.png","200","ASSETS_CAPTURED","NOT_TESTED","PENDING_OWNER_REVIEW",""
"https://www.40daysofholiness.com/day40","IMAGE","https://static.wixstatic.com/media/44eb1e29ffa34198aee01e8d4f305903.png/v1/fill/w_30,h_30,al_c,q_85,usm_0.66_1.00_0.01,enc_avif,quality_auto/44eb1e29ffa34198aee01e8d4f305903.png","YouTube","assets/images/44eb1e29ffa34198aee01e8d4f305903.png","200","ASSETS_CAPTURED","NOT_TESTED","PENDING_OWNER_REVIEW",""
"https://www.40daysofholiness.com/day40","IMAGE","https://static.wixstatic.com/media/59687ffffc2042f885062ce2b0744381.png/v1/fill/w_30,h_30,al_c,q_85,usm_0.66_1.00_0.01,enc_avif,quality_auto/59687ffffc2042f885062ce2b0744381.png","Twitter","assets/images/59687ffffc2042f885062ce2b0744381.png","200","ASSETS_CAPTURED","NOT_TESTED","PENDING_OWNER_REVIEW",""
"https://www.40daysofholiness.com/fullscreen-page","IMAGE","https://static.wixstatic.com/media/c4950a168a9048a590a4a24b6be69e06.png/v1/fill/w_30,h_30,al_c,q_85,usm_0.66_1.00_0.01,enc_avif,quality_auto/c4950a168a9048a590a4a24b6be69e06.png","SoundCloud","assets/images/c4950a168a9048a590a4a24b6be69e06.png","200","ASSETS_CAPTURED","NOT_TESTED","PENDING_OWNER_REVIEW",""
"https://www.40daysofholiness.com/fullscreen-page","IMAGE","https://static.wixstatic.com/media/48a2a42b19814efaa824450f23e8a253.png/v1/fill/w_30,h_30,al_c,q_85,usm_0.66_1.00_0.01,enc_avif,quality_auto/48a2a42b19814efaa824450f23e8a253.png","LinkedIn","assets/images/48a2a42b19814efaa824450f23e8a253.png","200","ASSETS_CAPTURED","NOT_TESTED","PENDING_OWNER_REVIEW",""
"https://www.40daysofholiness.com/fullscreen-page","IMAGE","https://static.wixstatic.com/media/e316f544f9094143b9eac01f1f19e697.png/v1/fill/w_30,h_30,al_c,q_85,usm_0.66_1.00_0.01,enc_avif,quality_auto/e316f544f9094143b9eac01f1f19e697.png","Facebook","assets/images/e316f544f9094143b9eac01f1f19e697.png","200","ASSETS_CAPTURED","NOT_TESTED","PENDING_OWNER_REVIEW",""
"https://www.40daysofholiness.com/fullscreen-page","IMAGE","https://static.wixstatic.com/media/44eb1e29ffa34198aee01e8d4f305903.png/v1/fill/w_30,h_30,al_c,q_85,usm_0.66_1.00_0.01,enc_avif,quality_auto/44eb1e29ffa34198aee01e8d4f305903.png","YouTube","assets/images/44eb1e29ffa34198aee01e8d4f305903.png","200","ASSETS_CAPTURED","NOT_TESTED","PENDING_OWNER_REVIEW",""
"https://www.40daysofholiness.com/fullscreen-page","IMAGE","https://static.wixstatic.com/media/59687ffffc2042f885062ce2b0744381.png/v1/fill/w_30,h_30,al_c,q_85,usm_0.66_1.00_0.01,enc_avif,quality_auto/59687ffffc2042f885062ce2b0744381.png","Twitter","assets/images/59687ffffc2042f885062ce2b0744381.png","200","ASSETS_CAPTURED","NOT_TESTED","PENDING_OWNER_REVIEW",""
"https://www.40daysofholiness.com/home","IMAGE","https://static.wixstatic.com/media/nsplsh_fd30380e11e14517b2d562dcba417400~mv2.jpg/v1/fill/w_288,h_216,al_c,q_80,usm_0.66_1.00_0.01,blur_2,enc_avif,quality_auto/nsplsh_fd30380e11e14517b2d562dcba417400~mv2.jpg","","assets/images/nsplsh_fd30380e11e14517b2d562dcba417400~mv2.jpg","200","ASSETS_CAPTURED","NOT_TESTED","PENDING_OWNER_REVIEW",""
"https://www.40daysofholiness.com/home","IMAGE","https://static.wixstatic.com/media/3d5cce_d2489693f074449ab074d1c583395a62~mv2.png/v1/fill/w_601,h_339,al_c,q_85,usm_0.66_1.00_0.01,enc_avif,quality_auto/40%20Days%20of%20Holiness%20Package%20mockup%20-%20smaller.png","40 Days of Holiness Package mockup - smaller.png","assets/images/3d5cce_d2489693f074449ab074d1c583395a62~mv2.png","200","ASSETS_CAPTURED","NOT_TESTED","PENDING_OWNER_REVIEW",""
"https://www.40daysofholiness.com/home","IMAGE","https://static.wixstatic.com/media/3d5cce_b84f990e27654d14b47285c31d5bfeff~mv2.jpg/v1/fill/w_300,h_226,al_c,q_80,usm_0.66_1.00_0.01,enc_avif,quality_auto/40%20Days%20of%20Holiness%20Book%20Cover.jpg","40 Days of Holiness Book Cover.jpg","assets/images/3d5cce_b84f990e27654d14b47285c31d5bfeff~mv2.jpg","200","ASSETS_CAPTURED","NOT_TESTED","PENDING_OWNER_REVIEW",""
"https://www.40daysofholiness.com/home","IMAGE","https://static.wixstatic.com/media/3d5cce_22880daed587480aad88c17aa68dffb9~mv2.png/v1/fill/w_300,h_226,al_c,q_85,usm_0.66_1.00_0.01,enc_avif,quality_auto/Pursung%20Holiness.png","Pursung Holiness.png","assets/images/3d5cce_22880daed587480aad88c17aa68dffb9~mv2.png","200","ASSETS_CAPTURED","NOT_TESTED","PENDING_OWNER_REVIEW",""
"https://www.40daysofholiness.com/home","IMAGE","https://static.wixstatic.com/media/3d5cce_05be6c83d61f45859956260b9e99edbe~mv2.jpg/v1/fill/w_300,h_226,al_c,q_80,usm_0.66_1.00_0.01,enc_avif,quality_auto/sinful%20nature.jpg","sinful nature.jpg","assets/images/3d5cce_05be6c83d61f45859956260b9e99edbe~mv2.jpg","200","ASSETS_CAPTURED","NOT_TESTED","PENDING_OWNER_REVIEW",""
"https://www.40daysofholiness.com/home","IMAGE","https://static.wixstatic.com/media/1844e63f2ea441578a1cb71efea3fb1f.jpg/v1/fill/w_147,h_98,al_c,q_80,usm_0.66_1.00_0.01,blur_2,enc_avif,quality_auto/1844e63f2ea441578a1cb71efea3fb1f.jpg","Woman with Bible","assets/images/1844e63f2ea441578a1cb71efea3fb1f.jpg","200","ASSETS_CAPTURED","NOT_TESTED","PENDING_OWNER_REVIEW","Delivery copy uses the existing public Wix optimized rendition because the original exceeded 5 MB."
"https://www.40daysofholiness.com/home","IMAGE","https://static.wixstatic.com/media/3d5cce_b84f990e27654d14b47285c31d5bfeff~mv2.jpg/v1/fill/w_456,h_455,fp_0.61_0.26,q_90,enc_avif,quality_auto/3d5cce_b84f990e27654d14b47285c31d5bfeff~mv2.jpg","","assets/images/3d5cce_b84f990e27654d14b47285c31d5bfeff~mv2.jpg","200","ASSETS_CAPTURED","NOT_TESTED","PENDING_OWNER_REVIEW",""
"https://www.40daysofholiness.com/home","IMAGE","https://static.wixstatic.com/media/3d5cce_e54f2219a2d3428e9b974a3e15084902~mv2.png/v1/fill/w_455,h_455,q_90,enc_avif,quality_auto/3d5cce_e54f2219a2d3428e9b974a3e15084902~mv2.png","","assets/images/3d5cce_e54f2219a2d3428e9b974a3e15084902~mv2.png","200","ASSETS_CAPTURED","NOT_TESTED","PENDING_OWNER_REVIEW",""
"https://www.40daysofholiness.com/home","IMAGE","https://static.wixstatic.com/media/3d5cce_2fdc483104984ef4ac055bec0fa8bac8~mv2.png/v1/fill/w_456,h_455,q_90,enc_avif,quality_auto/3d5cce_2fdc483104984ef4ac055bec0fa8bac8~mv2.png","","assets/images/3d5cce_2fdc483104984ef4ac055bec0fa8bac8~mv2.png","200","ASSETS_CAPTURED","NOT_TESTED","PENDING_OWNER_REVIEW",""
"https://www.40daysofholiness.com/home","IMAGE","https://static.wixstatic.com/media/3d5cce_86c096eb3ede4da8a8031b9f280b5d9a~mv2.png/v1/fill/w_455,h_455,q_90,enc_avif,quality_auto/3d5cce_86c096eb3ede4da8a8031b9f280b5d9a~mv2.png","","assets/images/3d5cce_86c096eb3ede4da8a8031b9f280b5d9a~mv2.png","200","ASSETS_CAPTURED","NOT_TESTED","PENDING_OWNER_REVIEW",""
"https://www.40daysofholiness.com/home","IMAGE","https://static.wixstatic.com/media/3d5cce_df9f5d2b4cb24903b777cc71ec79be98~mv2.png/v1/fill/w_456,h_455,fp_0.72_0.19,q_90,enc_avif,quality_auto/3d5cce_df9f5d2b4cb24903b777cc71ec79be98~mv2.png","","assets/images/3d5cce_df9f5d2b4cb24903b777cc71ec79be98~mv2.png","200","ASSETS_CAPTURED","NOT_TESTED","PENDING_OWNER_REVIEW",""
"https://www.40daysofholiness.com/home","IMAGE","https://static.wixstatic.com/media/3d5cce_752c9d77baf6423fb16d7777036842ec~mv2.png/v1/fill/w_455,h_455,q_90,enc_avif,quality_auto/3d5cce_752c9d77baf6423fb16d7777036842ec~mv2.png","","assets/images/3d5cce_752c9d77baf6423fb16d7777036842ec~mv2.png","200","ASSETS_CAPTURED","NOT_TESTED","PENDING_OWNER_REVIEW",""
"https://www.40daysofholiness.com/home","IMAGE","https://static.wixstatic.com/media/3d5cce_22880daed587480aad88c17aa68dffb9~mv2.png/v1/fill/w_147,h_132,al_c,q_85,usm_0.66_1.00_0.01,enc_avif,quality_auto/3d5cce_22880daed587480aad88c17aa68dffb9~mv2.png","","assets/images/3d5cce_22880daed587480aad88c17aa68dffb9~mv2.png","200","ASSETS_CAPTURED","NOT_TESTED","PENDING_OWNER_REVIEW",""
"https://www.40daysofholiness.com/home","IMAGE","https://static.wixstatic.com/media/c19c76_82f231993a674b1896b44089efb147fc.png/v1/fill/w_147,h_147,al_c,lg_1,q_85,enc_avif,quality_auto/c19c76_82f231993a674b1896b44089efb147fc.png","","assets/images/c19c76_82f231993a674b1896b44089efb147fc.png","200","ASSETS_CAPTURED","NOT_TESTED","PENDING_OWNER_REVIEW",""
"https://www.40daysofholiness.com/home","IMAGE","https://static.wixstatic.com/media/c19c76_82f231993a674b1896b44089efb147fc.png/v1/fill/w_147,h_147,al_c,lg_1,q_85,enc_avif,quality_auto/c19c76_82f231993a674b1896b44089efb147fc.png","","assets/images/c19c76_82f231993a674b1896b44089efb147fc.png","200","ASSETS_CAPTURED","NOT_TESTED","PENDING_OWNER_REVIEW",""
"https://www.40daysofholiness.com/home","IMAGE","https://static.wixstatic.com/media/3d5cce_c56850d9e162405192813413875bac8b~mv2.png/v1/fill/w_159,h_80,al_c,q_85,usm_0.66_1.00_0.01,enc_avif,quality_auto/3d5cce_c56850d9e162405192813413875bac8b~mv2.png","","assets/images/3d5cce_c56850d9e162405192813413875bac8b~mv2.png","200","ASSETS_CAPTURED","NOT_TESTED","PENDING_OWNER_REVIEW",""
"https://www.40daysofholiness.com/home","IMAGE","https://static.wixstatic.com/media/c19c76_75bd6ff08bc54e11a0bb3b681f80e249.png/v1/fill/w_147,h_147,al_c,lg_1,q_85,enc_avif,quality_auto/c19c76_75bd6ff08bc54e11a0bb3b681f80e249.png","","assets/images/c19c76_75bd6ff08bc54e11a0bb3b681f80e249.png","200","ASSETS_CAPTURED","NOT_TESTED","PENDING_OWNER_REVIEW",""
"https://www.40daysofholiness.com/home","IMAGE","https://static.wixstatic.com/media/c19c76_75bd6ff08bc54e11a0bb3b681f80e249.png/v1/fill/w_147,h_147,al_c,lg_1,q_85,enc_avif,quality_auto/c19c76_75bd6ff08bc54e11a0bb3b681f80e249.png","","assets/images/c19c76_75bd6ff08bc54e11a0bb3b681f80e249.png","200","ASSETS_CAPTURED","NOT_TESTED","PENDING_OWNER_REVIEW",""
"https://www.40daysofholiness.com/home","IMAGE","https://static.wixstatic.com/media/3d5cce_be259097bafd44b9a0b69bb0fbffdd47~mv2.jpg/v1/fill/w_146,h_95,al_c,q_80,usm_0.66_1.00_0.01,enc_avif,quality_auto/3d5cce_be259097bafd44b9a0b69bb0fbffdd47~mv2.jpg","","assets/images/3d5cce_be259097bafd44b9a0b69bb0fbffdd47~mv2.jpg","200","ASSETS_CAPTURED","NOT_TESTED","PENDING_OWNER_REVIEW",""
"https://www.40daysofholiness.com/home","IMAGE","https://static.wixstatic.com/media/c19c76_cf4a17b1cf394757aa44ab9ba26df915.png/v1/fill/w_146,h_146,al_c,lg_1,q_85,enc_avif,quality_auto/c19c76_cf4a17b1cf394757aa44ab9ba26df915.png","","assets/images/c19c76_cf4a17b1cf394757aa44ab9ba26df915.png","200","ASSETS_CAPTURED","NOT_TESTED","PENDING_OWNER_REVIEW",""
"https://www.40daysofholiness.com/home","IMAGE","https://static.wixstatic.com/media/c19c76_cf4a17b1cf394757aa44ab9ba26df915.png/v1/fill/w_146,h_146,al_c,lg_1,q_85,enc_avif,quality_auto/c19c76_cf4a17b1cf394757aa44ab9ba26df915.png","","assets/images/c19c76_cf4a17b1cf394757aa44ab9ba26df915.png","200","ASSETS_CAPTURED","NOT_TESTED","PENDING_OWNER_REVIEW",""
"https://www.40daysofholiness.com/home","IMAGE","https://static.wixstatic.com/media/3d5cce_f46e6cacf9da461e9a76504b8f6d838c~mv2.jpg/v1/fill/w_147,h_85,al_c,q_80,usm_0.66_1.00_0.01,enc_avif,quality_auto/3d5cce_f46e6cacf9da461e9a76504b8f6d838c~mv2.jpg","","assets/images/3d5cce_f46e6cacf9da461e9a76504b8f6d838c~mv2.jpg","200","ASSETS_CAPTURED","NOT_TESTED","PENDING_OWNER_REVIEW",""
"https://www.40daysofholiness.com/home","IMAGE","https://static.wixstatic.com/media/c19c76_1d51056e398947f2ad3677f37a94d0b9.png/v1/fill/w_147,h_147,al_c,lg_1,q_85,enc_avif,quality_auto/c19c76_1d51056e398947f2ad3677f37a94d0b9.png","","assets/images/c19c76_1d51056e398947f2ad3677f37a94d0b9.png","200","ASSETS_CAPTURED","NOT_TESTED","PENDING_OWNER_REVIEW",""
"https://www.40daysofholiness.com/home","IMAGE","https://static.wixstatic.com/media/c19c76_1d51056e398947f2ad3677f37a94d0b9.png/v1/fill/w_147,h_147,al_c,lg_1,q_85,enc_avif,quality_auto/c19c76_1d51056e398947f2ad3677f37a94d0b9.png","","assets/images/c19c76_1d51056e398947f2ad3677f37a94d0b9.png","200","ASSETS_CAPTURED","NOT_TESTED","PENDING_OWNER_REVIEW",""
"https://www.40daysofholiness.com/home","IMAGE","https://static.wixstatic.com/media/3d5cce_b29d3598ff8b4fbd87125080f8f94bbc~mv2.jpg/v1/fill/w_147,h_126,al_c,q_80,usm_0.66_1.00_0.01,enc_avif,quality_auto/3d5cce_b29d3598ff8b4fbd87125080f8f94bbc~mv2.jpg","","assets/images/3d5cce_b29d3598ff8b4fbd87125080f8f94bbc~mv2.jpg","200","ASSETS_CAPTURED","NOT_TESTED","PENDING_OWNER_REVIEW",""
"https://www.40daysofholiness.com/home","IMAGE","https://static.wixstatic.com/media/c19c76_ba81a195b94a4f9facf9c5ffd28b7cd0.png/v1/fill/w_147,h_147,al_c,lg_1,q_85,enc_avif,quality_auto/c19c76_ba81a195b94a4f9facf9c5ffd28b7cd0.png","","assets/images/c19c76_ba81a195b94a4f9facf9c5ffd28b7cd0.png","200","ASSETS_CAPTURED","NOT_TESTED","PENDING_OWNER_REVIEW",""
"https://www.40daysofholiness.com/home","IMAGE","https://static.wixstatic.com/media/c19c76_ba81a195b94a4f9facf9c5ffd28b7cd0.png/v1/fill/w_147,h_147,al_c,lg_1,q_85,enc_avif,quality_auto/c19c76_ba81a195b94a4f9facf9c5ffd28b7cd0.png","","assets/images/c19c76_ba81a195b94a4f9facf9c5ffd28b7cd0.png","200","ASSETS_CAPTURED","NOT_TESTED","PENDING_OWNER_REVIEW",""
"https://www.40daysofholiness.com/home","IMAGE","https://static.wixstatic.com/media/c4950a168a9048a590a4a24b6be69e06.png/v1/fill/w_30,h_30,al_c,q_85,usm_0.66_1.00_0.01,enc_avif,quality_auto/c4950a168a9048a590a4a24b6be69e06.png","SoundCloud","assets/images/c4950a168a9048a590a4a24b6be69e06.png","200","ASSETS_CAPTURED","NOT_TESTED","PENDING_OWNER_REVIEW",""
"https://www.40daysofholiness.com/home","IMAGE","https://static.wixstatic.com/media/48a2a42b19814efaa824450f23e8a253.png/v1/fill/w_30,h_30,al_c,q_85,usm_0.66_1.00_0.01,enc_avif,quality_auto/48a2a42b19814efaa824450f23e8a253.png","LinkedIn","assets/images/48a2a42b19814efaa824450f23e8a253.png","200","ASSETS_CAPTURED","NOT_TESTED","PENDING_OWNER_REVIEW",""
"https://www.40daysofholiness.com/home","IMAGE","https://static.wixstatic.com/media/e316f544f9094143b9eac01f1f19e697.png/v1/fill/w_30,h_30,al_c,q_85,usm_0.66_1.00_0.01,enc_avif,quality_auto/e316f544f9094143b9eac01f1f19e697.png","Facebook","assets/images/e316f544f9094143b9eac01f1f19e697.png","200","ASSETS_CAPTURED","NOT_TESTED","PENDING_OWNER_REVIEW",""
"https://www.40daysofholiness.com/home","IMAGE","https://static.wixstatic.com/media/44eb1e29ffa34198aee01e8d4f305903.png/v1/fill/w_30,h_30,al_c,q_85,usm_0.66_1.00_0.01,enc_avif,quality_auto/44eb1e29ffa34198aee01e8d4f305903.png","YouTube","assets/images/44eb1e29ffa34198aee01e8d4f305903.png","200","ASSETS_CAPTURED","NOT_TESTED","PENDING_OWNER_REVIEW",""
"https://www.40daysofholiness.com/home","IMAGE","https://static.wixstatic.com/media/59687ffffc2042f885062ce2b0744381.png/v1/fill/w_30,h_30,al_c,q_85,usm_0.66_1.00_0.01,enc_avif,quality_auto/59687ffffc2042f885062ce2b0744381.png","Twitter","assets/images/59687ffffc2042f885062ce2b0744381.png","200","ASSETS_CAPTURED","NOT_TESTED","PENDING_OWNER_REVIEW",""
"https://www.40daysofholiness.com/pentecost-sunday-loop-free-download","IMAGE","https://static.wixstatic.com/media/nsplsh_fd30380e11e14517b2d562dcba417400~mv2.jpg/v1/fill/w_288,h_216,al_c,q_80,usm_0.66_1.00_0.01,blur_2,enc_avif,quality_auto/nsplsh_fd30380e11e14517b2d562dcba417400~mv2.jpg","","assets/images/nsplsh_fd30380e11e14517b2d562dcba417400~mv2.jpg","200","ASSETS_CAPTURED","NOT_TESTED","PENDING_OWNER_REVIEW",""
"https://www.40daysofholiness.com/pentecost-sunday-loop-free-download","IMAGE","https://static.wixstatic.com/media/c4950a168a9048a590a4a24b6be69e06.png/v1/fill/w_30,h_30,al_c,q_85,usm_0.66_1.00_0.01,enc_avif,quality_auto/c4950a168a9048a590a4a24b6be69e06.png","SoundCloud","assets/images/c4950a168a9048a590a4a24b6be69e06.png","200","ASSETS_CAPTURED","NOT_TESTED","PENDING_OWNER_REVIEW",""
"https://www.40daysofholiness.com/pentecost-sunday-loop-free-download","IMAGE","https://static.wixstatic.com/media/48a2a42b19814efaa824450f23e8a253.png/v1/fill/w_30,h_30,al_c,q_85,usm_0.66_1.00_0.01,enc_avif,quality_auto/48a2a42b19814efaa824450f23e8a253.png","LinkedIn","assets/images/48a2a42b19814efaa824450f23e8a253.png","200","ASSETS_CAPTURED","NOT_TESTED","PENDING_OWNER_REVIEW",""
"https://www.40daysofholiness.com/pentecost-sunday-loop-free-download","IMAGE","https://static.wixstatic.com/media/e316f544f9094143b9eac01f1f19e697.png/v1/fill/w_30,h_30,al_c,q_85,usm_0.66_1.00_0.01,enc_avif,quality_auto/e316f544f9094143b9eac01f1f19e697.png","Facebook","assets/images/e316f544f9094143b9eac01f1f19e697.png","200","ASSETS_CAPTURED","NOT_TESTED","PENDING_OWNER_REVIEW",""
"https://www.40daysofholiness.com/pentecost-sunday-loop-free-download","IMAGE","https://static.wixstatic.com/media/44eb1e29ffa34198aee01e8d4f305903.png/v1/fill/w_30,h_30,al_c,q_85,usm_0.66_1.00_0.01,enc_avif,quality_auto/44eb1e29ffa34198aee01e8d4f305903.png","YouTube","assets/images/44eb1e29ffa34198aee01e8d4f305903.png","200","ASSETS_CAPTURED","NOT_TESTED","PENDING_OWNER_REVIEW",""
"https://www.40daysofholiness.com/pentecost-sunday-loop-free-download","IMAGE","https://static.wixstatic.com/media/59687ffffc2042f885062ce2b0744381.png/v1/fill/w_30,h_30,al_c,q_85,usm_0.66_1.00_0.01,enc_avif,quality_auto/59687ffffc2042f885062ce2b0744381.png","Twitter","assets/images/59687ffffc2042f885062ce2b0744381.png","200","ASSETS_CAPTURED","NOT_TESTED","PENDING_OWNER_REVIEW",""
"https://www.40daysofholiness.com/pentecost-video-email-thanks","IMAGE","https://static.wixstatic.com/media/nsplsh_fd30380e11e14517b2d562dcba417400~mv2.jpg/v1/fill/w_288,h_216,al_c,q_80,usm_0.66_1.00_0.01,blur_2,enc_avif,quality_auto/nsplsh_fd30380e11e14517b2d562dcba417400~mv2.jpg","","assets/images/nsplsh_fd30380e11e14517b2d562dcba417400~mv2.jpg","200","ASSETS_CAPTURED","NOT_TESTED","PENDING_OWNER_REVIEW",""
"https://www.40daysofholiness.com/pentecost-video-email-thanks","IMAGE","https://static.wixstatic.com/media/c4950a168a9048a590a4a24b6be69e06.png/v1/fill/w_30,h_30,al_c,q_85,usm_0.66_1.00_0.01,enc_avif,quality_auto/c4950a168a9048a590a4a24b6be69e06.png","SoundCloud","assets/images/c4950a168a9048a590a4a24b6be69e06.png","200","ASSETS_CAPTURED","NOT_TESTED","PENDING_OWNER_REVIEW",""
"https://www.40daysofholiness.com/pentecost-video-email-thanks","IMAGE","https://static.wixstatic.com/media/48a2a42b19814efaa824450f23e8a253.png/v1/fill/w_30,h_30,al_c,q_85,usm_0.66_1.00_0.01,enc_avif,quality_auto/48a2a42b19814efaa824450f23e8a253.png","LinkedIn","assets/images/48a2a42b19814efaa824450f23e8a253.png","200","ASSETS_CAPTURED","NOT_TESTED","PENDING_OWNER_REVIEW",""
"https://www.40daysofholiness.com/pentecost-video-email-thanks","IMAGE","https://static.wixstatic.com/media/e316f544f9094143b9eac01f1f19e697.png/v1/fill/w_30,h_30,al_c,q_85,usm_0.66_1.00_0.01,enc_avif,quality_auto/e316f544f9094143b9eac01f1f19e697.png","Facebook","assets/images/e316f544f9094143b9eac01f1f19e697.png","200","ASSETS_CAPTURED","NOT_TESTED","PENDING_OWNER_REVIEW",""
"https://www.40daysofholiness.com/pentecost-video-email-thanks","IMAGE","https://static.wixstatic.com/media/44eb1e29ffa34198aee01e8d4f305903.png/v1/fill/w_30,h_30,al_c,q_85,usm_0.66_1.00_0.01,enc_avif,quality_auto/44eb1e29ffa34198aee01e8d4f305903.png","YouTube","assets/images/44eb1e29ffa34198aee01e8d4f305903.png","200","ASSETS_CAPTURED","NOT_TESTED","PENDING_OWNER_REVIEW",""
"https://www.40daysofholiness.com/pentecost-video-email-thanks","IMAGE","https://static.wixstatic.com/media/59687ffffc2042f885062ce2b0744381.png/v1/fill/w_30,h_30,al_c,q_85,usm_0.66_1.00_0.01,enc_avif,quality_auto/59687ffffc2042f885062ce2b0744381.png","Twitter","assets/images/59687ffffc2042f885062ce2b0744381.png","200","ASSETS_CAPTURED","NOT_TESTED","PENDING_OWNER_REVIEW",""
"https://www.40daysofholiness.com/post/john-wesley-s-covenant-prayer","IMAGE","https://static.wixstatic.com/media/c4950a168a9048a590a4a24b6be69e06.png/v1/fill/w_30,h_30,al_c,q_85,usm_0.66_1.00_0.01,enc_avif,quality_auto/c4950a168a9048a590a4a24b6be69e06.png","SoundCloud","assets/images/c4950a168a9048a590a4a24b6be69e06.png","200","ASSETS_CAPTURED","NOT_TESTED","PENDING_OWNER_REVIEW",""
"https://www.40daysofholiness.com/post/john-wesley-s-covenant-prayer","IMAGE","https://static.wixstatic.com/media/48a2a42b19814efaa824450f23e8a253.png/v1/fill/w_30,h_30,al_c,q_85,usm_0.66_1.00_0.01,enc_avif,quality_auto/48a2a42b19814efaa824450f23e8a253.png","LinkedIn","assets/images/48a2a42b19814efaa824450f23e8a253.png","200","ASSETS_CAPTURED","NOT_TESTED","PENDING_OWNER_REVIEW",""
"https://www.40daysofholiness.com/post/john-wesley-s-covenant-prayer","IMAGE","https://static.wixstatic.com/media/e316f544f9094143b9eac01f1f19e697.png/v1/fill/w_30,h_30,al_c,q_85,usm_0.66_1.00_0.01,enc_avif,quality_auto/e316f544f9094143b9eac01f1f19e697.png","Facebook","assets/images/e316f544f9094143b9eac01f1f19e697.png","200","ASSETS_CAPTURED","NOT_TESTED","PENDING_OWNER_REVIEW",""
"https://www.40daysofholiness.com/post/john-wesley-s-covenant-prayer","IMAGE","https://static.wixstatic.com/media/44eb1e29ffa34198aee01e8d4f305903.png/v1/fill/w_30,h_30,al_c,q_85,usm_0.66_1.00_0.01,enc_avif,quality_auto/44eb1e29ffa34198aee01e8d4f305903.png","YouTube","assets/images/44eb1e29ffa34198aee01e8d4f305903.png","200","ASSETS_CAPTURED","NOT_TESTED","PENDING_OWNER_REVIEW",""
"https://www.40daysofholiness.com/post/john-wesley-s-covenant-prayer","IMAGE","https://static.wixstatic.com/media/59687ffffc2042f885062ce2b0744381.png/v1/fill/w_30,h_30,al_c,q_85,usm_0.66_1.00_0.01,enc_avif,quality_auto/59687ffffc2042f885062ce2b0744381.png","Twitter","assets/images/59687ffffc2042f885062ce2b0744381.png","200","ASSETS_CAPTURED","NOT_TESTED","PENDING_OWNER_REVIEW",""
"https://www.40daysofholiness.com/post/what-is-the-holiness-of-god","IMAGE","https://static.wixstatic.com/media/c4950a168a9048a590a4a24b6be69e06.png/v1/fill/w_30,h_30,al_c,q_85,usm_0.66_1.00_0.01,enc_avif,quality_auto/c4950a168a9048a590a4a24b6be69e06.png","SoundCloud","assets/images/c4950a168a9048a590a4a24b6be69e06.png","200","ASSETS_CAPTURED","NOT_TESTED","PENDING_OWNER_REVIEW",""
"https://www.40daysofholiness.com/post/what-is-the-holiness-of-god","IMAGE","https://static.wixstatic.com/media/48a2a42b19814efaa824450f23e8a253.png/v1/fill/w_30,h_30,al_c,q_85,usm_0.66_1.00_0.01,enc_avif,quality_auto/48a2a42b19814efaa824450f23e8a253.png","LinkedIn","assets/images/48a2a42b19814efaa824450f23e8a253.png","200","ASSETS_CAPTURED","NOT_TESTED","PENDING_OWNER_REVIEW",""
"https://www.40daysofholiness.com/post/what-is-the-holiness-of-god","IMAGE","https://static.wixstatic.com/media/e316f544f9094143b9eac01f1f19e697.png/v1/fill/w_30,h_30,al_c,q_85,usm_0.66_1.00_0.01,enc_avif,quality_auto/e316f544f9094143b9eac01f1f19e697.png","Facebook","assets/images/e316f544f9094143b9eac01f1f19e697.png","200","ASSETS_CAPTURED","NOT_TESTED","PENDING_OWNER_REVIEW",""
"https://www.40daysofholiness.com/post/what-is-the-holiness-of-god","IMAGE","https://static.wixstatic.com/media/44eb1e29ffa34198aee01e8d4f305903.png/v1/fill/w_30,h_30,al_c,q_85,usm_0.66_1.00_0.01,enc_avif,quality_auto/44eb1e29ffa34198aee01e8d4f305903.png","YouTube","assets/images/44eb1e29ffa34198aee01e8d4f305903.png","200","ASSETS_CAPTURED","NOT_TESTED","PENDING_OWNER_REVIEW",""
"https://www.40daysofholiness.com/post/what-is-the-holiness-of-god","IMAGE","https://static.wixstatic.com/media/59687ffffc2042f885062ce2b0744381.png/v1/fill/w_30,h_30,al_c,q_85,usm_0.66_1.00_0.01,enc_avif,quality_auto/59687ffffc2042f885062ce2b0744381.png","Twitter","assets/images/59687ffffc2042f885062ce2b0744381.png","200","ASSETS_CAPTURED","NOT_TESTED","PENDING_OWNER_REVIEW",""
"https://www.40daysofholiness.com/search","IMAGE","https://i.ytimg.com/vi/DvjpvnNqH_Y/maxresdefault.jpg","John Wesley’s Covenant Prayer","","NOT_CHECKED","DISCOVERED","NOT_TESTED","PENDING_OWNER_REVIEW",""
"https://www.40daysofholiness.com/search","IMAGE","https://static.wixstatic.com/media/3d5cce_752c9d77baf6423fb16d7777036842ec~mv2.png/v1/fit/w_176,h_124,q_85,usm_0.66_1.00_0.01,blur_3,enc_auto/3d5cce_752c9d77baf6423fb16d7777036842ec~mv2.png","What is the Holiness of God?","assets/images/3d5cce_752c9d77baf6423fb16d7777036842ec~mv2.png","200","ASSETS_CAPTURED","NOT_TESTED","PENDING_OWNER_REVIEW",""
"https://www.40daysofholiness.com/search","IMAGE","https://static.wixstatic.com/media/c4950a168a9048a590a4a24b6be69e06.png/v1/fill/w_30,h_30,al_c,q_85,usm_0.66_1.00_0.01,enc_avif,quality_auto/c4950a168a9048a590a4a24b6be69e06.png","SoundCloud","assets/images/c4950a168a9048a590a4a24b6be69e06.png","200","ASSETS_CAPTURED","NOT_TESTED","PENDING_OWNER_REVIEW",""
"https://www.40daysofholiness.com/search","IMAGE","https://static.wixstatic.com/media/48a2a42b19814efaa824450f23e8a253.png/v1/fill/w_30,h_30,al_c,q_85,usm_0.66_1.00_0.01,enc_avif,quality_auto/48a2a42b19814efaa824450f23e8a253.png","LinkedIn","assets/images/48a2a42b19814efaa824450f23e8a253.png","200","ASSETS_CAPTURED","NOT_TESTED","PENDING_OWNER_REVIEW",""
"https://www.40daysofholiness.com/search","IMAGE","https://static.wixstatic.com/media/e316f544f9094143b9eac01f1f19e697.png/v1/fill/w_30,h_30,al_c,q_85,usm_0.66_1.00_0.01,enc_avif,quality_auto/e316f544f9094143b9eac01f1f19e697.png","Facebook","assets/images/e316f544f9094143b9eac01f1f19e697.png","200","ASSETS_CAPTURED","NOT_TESTED","PENDING_OWNER_REVIEW",""
"https://www.40daysofholiness.com/search","IMAGE","https://static.wixstatic.com/media/44eb1e29ffa34198aee01e8d4f305903.png/v1/fill/w_30,h_30,al_c,q_85,usm_0.66_1.00_0.01,enc_avif,quality_auto/44eb1e29ffa34198aee01e8d4f305903.png","YouTube","assets/images/44eb1e29ffa34198aee01e8d4f305903.png","200","ASSETS_CAPTURED","NOT_TESTED","PENDING_OWNER_REVIEW",""
"https://www.40daysofholiness.com/search","IMAGE","https://static.wixstatic.com/media/59687ffffc2042f885062ce2b0744381.png/v1/fill/w_30,h_30,al_c,q_85,usm_0.66_1.00_0.01,enc_avif,quality_auto/59687ffffc2042f885062ce2b0744381.png","Twitter","assets/images/59687ffffc2042f885062ce2b0744381.png","200","ASSETS_CAPTURED","NOT_TESTED","PENDING_OWNER_REVIEW",""
"https://www.40daysofholiness.com/welcome","IMAGE","https://static.wixstatic.com/media/c4950a168a9048a590a4a24b6be69e06.png/v1/fill/w_30,h_30,al_c,q_85,usm_0.66_1.00_0.01,enc_avif,quality_auto/c4950a168a9048a590a4a24b6be69e06.png","SoundCloud","assets/images/c4950a168a9048a590a4a24b6be69e06.png","200","ASSETS_CAPTURED","NOT_TESTED","PENDING_OWNER_REVIEW",""
"https://www.40daysofholiness.com/welcome","IMAGE","https://static.wixstatic.com/media/48a2a42b19814efaa824450f23e8a253.png/v1/fill/w_30,h_30,al_c,q_85,usm_0.66_1.00_0.01,enc_avif,quality_auto/48a2a42b19814efaa824450f23e8a253.png","LinkedIn","assets/images/48a2a42b19814efaa824450f23e8a253.png","200","ASSETS_CAPTURED","NOT_TESTED","PENDING_OWNER_REVIEW",""
"https://www.40daysofholiness.com/welcome","IMAGE","https://static.wixstatic.com/media/e316f544f9094143b9eac01f1f19e697.png/v1/fill/w_30,h_30,al_c,q_85,usm_0.66_1.00_0.01,enc_avif,quality_auto/e316f544f9094143b9eac01f1f19e697.png","Facebook","assets/images/e316f544f9094143b9eac01f1f19e697.png","200","ASSETS_CAPTURED","NOT_TESTED","PENDING_OWNER_REVIEW",""
"https://www.40daysofholiness.com/welcome","IMAGE","https://static.wixstatic.com/media/44eb1e29ffa34198aee01e8d4f305903.png/v1/fill/w_30,h_30,al_c,q_85,usm_0.66_1.00_0.01,enc_avif,quality_auto/44eb1e29ffa34198aee01e8d4f305903.png","YouTube","assets/images/44eb1e29ffa34198aee01e8d4f305903.png","200","ASSETS_CAPTURED","NOT_TESTED","PENDING_OWNER_REVIEW",""
"https://www.40daysofholiness.com/welcome","IMAGE","https://static.wixstatic.com/media/59687ffffc2042f885062ce2b0744381.png/v1/fill/w_30,h_30,al_c,q_85,usm_0.66_1.00_0.01,enc_avif,quality_auto/59687ffffc2042f885062ce2b0744381.png","Twitter","assets/images/59687ffffc2042f885062ce2b0744381.png","200","ASSETS_CAPTURED","NOT_TESTED","PENDING_OWNER_REVIEW",""
"https://www.40daysofholiness.com/worship-video-for-pentecost-sunday-fire-free","IMAGE","https://static.wixstatic.com/media/nsplsh_fd30380e11e14517b2d562dcba417400~mv2.jpg/v1/fill/w_288,h_216,al_c,q_80,usm_0.66_1.00_0.01,blur_2,enc_avif,quality_auto/nsplsh_fd30380e11e14517b2d562dcba417400~mv2.jpg","","assets/images/nsplsh_fd30380e11e14517b2d562dcba417400~mv2.jpg","200","ASSETS_CAPTURED","NOT_TESTED","PENDING_OWNER_REVIEW",""
"https://www.40daysofholiness.com/worship-video-for-pentecost-sunday-fire-free","IMAGE","https://static.wixstatic.com/media/c4950a168a9048a590a4a24b6be69e06.png/v1/fill/w_30,h_30,al_c,q_85,usm_0.66_1.00_0.01,enc_avif,quality_auto/c4950a168a9048a590a4a24b6be69e06.png","SoundCloud","assets/images/c4950a168a9048a590a4a24b6be69e06.png","200","ASSETS_CAPTURED","NOT_TESTED","PENDING_OWNER_REVIEW",""
"https://www.40daysofholiness.com/worship-video-for-pentecost-sunday-fire-free","IMAGE","https://static.wixstatic.com/media/48a2a42b19814efaa824450f23e8a253.png/v1/fill/w_30,h_30,al_c,q_85,usm_0.66_1.00_0.01,enc_avif,quality_auto/48a2a42b19814efaa824450f23e8a253.png","LinkedIn","assets/images/48a2a42b19814efaa824450f23e8a253.png","200","ASSETS_CAPTURED","NOT_TESTED","PENDING_OWNER_REVIEW",""
"https://www.40daysofholiness.com/worship-video-for-pentecost-sunday-fire-free","IMAGE","https://static.wixstatic.com/media/e316f544f9094143b9eac01f1f19e697.png/v1/fill/w_30,h_30,al_c,q_85,usm_0.66_1.00_0.01,enc_avif,quality_auto/e316f544f9094143b9eac01f1f19e697.png","Facebook","assets/images/e316f544f9094143b9eac01f1f19e697.png","200","ASSETS_CAPTURED","NOT_TESTED","PENDING_OWNER_REVIEW",""
"https://www.40daysofholiness.com/worship-video-for-pentecost-sunday-fire-free","IMAGE","https://static.wixstatic.com/media/44eb1e29ffa34198aee01e8d4f305903.png/v1/fill/w_30,h_30,al_c,q_85,usm_0.66_1.00_0.01,enc_avif,quality_auto/44eb1e29ffa34198aee01e8d4f305903.png","YouTube","assets/images/44eb1e29ffa34198aee01e8d4f305903.png","200","ASSETS_CAPTURED","NOT_TESTED","PENDING_OWNER_REVIEW",""
"https://www.40daysofholiness.com/worship-video-for-pentecost-sunday-fire-free","IMAGE","https://static.wixstatic.com/media/59687ffffc2042f885062ce2b0744381.png/v1/fill/w_30,h_30,al_c,q_85,usm_0.66_1.00_0.01,enc_avif,quality_auto/59687ffffc2042f885062ce2b0744381.png","Twitter","assets/images/59687ffffc2042f885062ce2b0744381.png","200","ASSETS_CAPTURED","NOT_TESTED","PENDING_OWNER_REVIEW",""
"https://www.40daysofholiness.com/","IMAGE","OWNER_SUPPLIED_LOCAL","Pursuing Holiness workbook, daily teaching videos, guided prayer videos, and sermon series","assets/images/holiness-package.jpg","LOCAL","ASSETS_CAPTURED","VISUAL_QA","PENDING_OWNER_REVIEW","Owner-supplied homepage image; optimized to a descriptive JPEG delivery asset while the high-resolution source remains local and unpublished."
"https://www.40daysofholiness.com/","IMAGE","OWNER_SUPPLIED_LOCAL","40 Days of Holiness teaching displayed on a tablet","assets/images/daily-teaching-videos.jpg","LOCAL","ASSETS_CAPTURED","VISUAL_QA","PENDING_OWNER_REVIEW","Owner-supplied homepage image; optimized to a descriptive JPEG delivery asset while the high-resolution source remains local and unpublished."
"https://www.40daysofholiness.com/","IMAGE","OWNER_SUPPLIED_LOCAL","Guided prayer video displayed on a desktop monitor","assets/images/guided-prayer-videos.jpg","LOCAL","ASSETS_CAPTURED","VISUAL_QA","PENDING_OWNER_REVIEW","Owner-supplied homepage image; optimized to a descriptive JPEG delivery asset while the high-resolution source remains local and unpublished."
"https://www.40daysofholiness.com/","IMAGE","OWNER_SUPPLIED_LOCAL","Open Pursuing Holiness workbook with meditation questions and lesson notes","assets/images/workbook-study-pages.jpg","LOCAL","ASSETS_CAPTURED","VISUAL_QA","PENDING_OWNER_REVIEW","Owner-supplied homepage image; optimized to a descriptive JPEG delivery asset while the high-resolution source remains local and unpublished."
"https://www.40daysofholiness.com/","IMAGE","OWNER_SUPPLIED_LOCAL","Spiral-bound Pursuing Holiness workbook","assets/images/holiness-workbook-cover.jpg","LOCAL","ASSETS_CAPTURED","VISUAL_QA","PENDING_OWNER_REVIEW","Owner-supplied homepage image; optimized to a descriptive JPEG delivery asset while the high-resolution source remains local and unpublished."
"https://www.40daysofholiness.com/","IMAGE","OWNER_SUPPLIED_LOCAL","Pursuing Holiness six-sermon series package","assets/images/sermon-series.jpg","LOCAL","ASSETS_CAPTURED","VISUAL_QA","PENDING_OWNER_REVIEW","Owner-supplied homepage image; optimized to a descriptive JPEG delivery asset while the high-resolution source remains local and unpublished."
